"position","annotation","description","CIP","LNZ","LVX","IPM","CEF","AZM"
"1,643,309","L516F (CTC->TTC) ","ribonuclease Y",6,0,0,0,0,0
"1,643,354","V501F (GTC->TTC) ","ribonuclease Y",0,16,0,0,0,0
"1,643,377","P493L (CCA->CTA) ","ribonuclease Y",0,0,9,0,0,0
"1,643,377","P493R (CCA->CGA) ","ribonuclease Y",6,0,0,0,0,0
"1,643,386","M490K (ATG->AAG) ","ribonuclease Y",0,0,0,7,0,0
"1,643,393","R488G (CGT->GGT) ","ribonuclease Y",0,0,10,0,0,0
"1,643,432","V475M (GTG->ATG) ","ribonuclease Y",0,0,0,0,34,0
"1,643,516","R447C (CGT->TGT) ","ribonuclease Y",0,22,0,0,0,0
"1,643,562","S431R (AGC->AGA) ","ribonuclease Y",0,0,0,0,20,0
"1,643,887","A323D (GCT->GAT) ","ribonuclease Y",0,0,0,0,7,0
"1,644,032","F275I (TTT->ATT) ","ribonuclease Y",7,0,0,0,0,0
"1,644,119","E246K (GAA->AAA) ","ribonuclease Y",0,0,0,0,0,7
"1,644,209","Q216K (CAA->AAA) ","ribonuclease Y",6,0,0,0,0,0
"1,644,625","L77S (TTG->TCG) ","ribonuclease Y",0,0,13,0,0,0
"1,644,631","A75G (GCA->GGA) ","ribonuclease Y",0,0,20,0,0,0
"1,644,677","L60V (CTT->GTT) ","ribonuclease Y",0,0,16,0,0,0
"1,644,719","A46P (GCA->CCA) ","ribonuclease Y",0,0,35,0,0,0
"1,644,719","A46S (GCA->TCA) ","ribonuclease Y",0,19,0,0,0,0
"1,644,740","L39F (CTT->TTT) ","ribonuclease Y",0,0,0,0,8,0
"1,644,813","I14I (ATC->ATT) ","ribonuclease Y",0,8,0,0,0,0
"1,644,830","A9S (GCT->TCT) ","ribonuclease Y",0,0,0,0,19,0
