"position","mutation","gene","annotation","description","AzM0","AzN0","AzNd","CiM0","CiN0","CiNd","ImM0","ImN0","ImNd","CeM0","CeN0","CeNd","LeM0","LeN0","LeNd","LiM0","LiN0","LiNd","RiM0","RiN0","RiNd","VaM0","VaN0","VaNd","MeM0","MeN0","MeNd","PeM0","PeN0","PeNd"
"681,193","G->A","lctO","W255* (TGG->TAG) ","L-lactate oxidase",2320.7,1505.3,2522.6,752.3,277.8,2372.4,3415.9,2406.8,2948,0,2533.3,1150.7,3063.9,3838.5,6975.6,709.9,3708.3,5421.1,525.9,2248.6,1492.8,0,3189,1938.5,0,798.2,0,449.4,2235.9,0
"1,442,712","G->T","SP_1530","A430S (GCG->TCG) ","UDP-N-acetylmuramoyl-L-alanyl-D-glutamate--L- lysine ligase",3416.7,2676,3030,1862.1,2302.7,2612.1,3846.6,3512.8,3211.2,8196.2,8016.5,3388.2,3858.3,6670.1,7405.3,1335.5,6781.9,6160,3659.7,3875.3,3244.2,802.9,3519,3197,2339.1,964.4,1701.7,2412.8,3537.3,1722.9
"323,099","C->T","cps4D","P45L (CCT->CTT) ","capsular polysaccharide biosynthesis protein Cps4D",525.3,0,0,0,0,0,0,0,0,0,0,0,0,0,0,0,0,0,0,0,0,0,0,0,0,0,0,0,0,0
"996,680","A->G","SP_1061","K164R (AAG->AGG) ","protein kinase",548.1,0,0,0,0,0,0,0,0,0,0,0,0,0,0,0,0,0,0,0,0,0,0,0,0,0,0,0,0,0
"1,599,080","C->T","SP_1694/SP_1695","intergenic (-383/+378)","hypothetical protein/acetylxylan esterase",100.3,0,0,0,0,0,105.5,0,0,0,0,0,0,0,0,0,0,0,0,0,0,0,0,0,0,0,0,0,0,0
"322,648","G->T","cpsC","D129Y (GAT->TAT) ","capsular polysaccharide biosynthesis protein CpsC",151.4,0,0,0,0,0,0,0,0,0,0,0,0,0,0,0,0,0,0,0,0,0,0,0,0,0,0,0,0,0
"1,013,858","C->T","SP_1076","D350D (GAC->GAT) ","glycosyltransferase family 4 protein",136.6,0,0,0,0,0,0,0,0,0,0,0,0,0,0,0,0,0,0,0,0,0,0,0,0,0,0,0,0,0
"1,488,552","G->A","SP_1583","H55Y (CAT->TAT) ","cysteine hydrolase",458.5,0,0,0,0,0,0,0,0,0,0,0,0,0,0,0,0,0,0,0,0,0,0,0,0,0,0,0,0,0
"1,488,504","G->A","SP_1583","H71Y (CAT->TAT) ","cysteine hydrolase",309.2,0,213,0,0,0,0,0,0,0,0,0,0,0,0,0,0,0,0,0,0,0,0,0,0,0,0,0,0,0
"1,717,148","C->A","SP_1800","D338Y (GAT->TAT) ","helix-turn-helix domain-containing protein",402.9,0,0,0,0,0,0,0,0,0,0,0,0,0,0,0,0,0,0,0,0,0,0,0,0,0,0,0,0,0
"1,599,495","A->C","SP_1695","L315R (CTC->CGC) ","acetylxylan esterase",102,0,0,0,0,0,0,0,0,0,0,0,0,0,0,0,0,0,0,0,0,0,0,0,0,0,0,0,0,0
"289,191","G->A","SP_0314","G570E (GGA->GAA) ","LPXTG-anchored hyaluronate lyase",544.7,0,0,0,0,0,0,0,0,0,0,0,0,0,0,0,0,0,0,0,0,0,0,0,0,0,0,0,0,0
"323,612","G->C","cps4D","G216A (GGA->GCA) ","capsular polysaccharide biosynthesis protein Cps4D",452.8,0,0,0,0,0,0,0,0,0,0,0,0,0,0,0,0,0,0,0,0,0,0,0,0,0,0,0,0,0
"684,640","A->T","SP_0718/SP_0719","intergenic (+199/-360)","thiamine phosphate synthase/ECF transporter S component",534.3,0,0,0,0,0,0,0,0,0,0,0,0,0,0,0,0,0,0,0,0,0,0,0,0,0,0,0,0,0
"963,640","C->T","prfA","A63A (GCC->GCT) ","peptide chain release factor 1",469.9,0,0,0,0,0,0,0,0,0,0,0,0,0,0,0,0,0,0,0,0,0,0,0,0,0,0,0,0,0
"355,598","A->G","SP_0376","H147R (CAC->CGC) ","response regulator transcription factor",0,172.7,0,0,0,0,0,0,0,0,0,0,0,0,0,0,0,0,0,0,0,0,0,0,0,0,0,0,0,0
"1,644,119","C->T","SP_1739","E246K (GAA->AAA) ","ribonuclease Y",0,407.9,0,0,0,0,0,0,0,0,0,0,0,0,0,0,0,0,0,0,0,0,0,0,0,0,0,0,0,0
"1,798,321","A->C","SP_1893","V380G (GTT->GGT) ","O-antigen ligase family protein",0,389.4,0,0,0,0,0,0,0,0,0,0,0,0,0,0,0,0,0,0,0,0,0,0,0,0,0,0,0,0
"1,163,467","C->T","SP_1229/coaB","intergenic (-79/-151)","formate--tetrahydrofolate ligase/phosphopantothenate--cysteine ligase",0,439.4,0,0,477.1,0,0,238.9,0,0,1311.3,0,0,0,0,0,0,0,0,0,0,0,0,0,0,0,0,0,0,0
"2,091,734","G->T","dltC","A66D (GCT->GAT) ","D-alanine--poly(phosphoribitol) ligase subunit DltC",0,445.8,0,0,470.6,0,0,296.4,0,0,1330.3,0,0,0,0,0,0,0,0,0,0,0,0,0,0,0,0,0,0,0
"727,744","A->G","rlmN","A357A (GCA->GCG) ","23S rRNA (adenine(2503)-C(2))-methyltransferase RlmN",0,298.3,0,0,0,0,0,0,0,0,0,0,0,0,0,0,0,0,0,0,0,0,0,0,0,0,0,0,0,0
"1,815,627","+T","rlmD","coding (1174/1356 nt)","23S rRNA (uracil(1939)-C(5))-methyltransferase RlmD",0,285.5,0,0,0,0,0,0,0,0,0,0,0,0,0,0,0,0,0,0,0,0,0,0,0,0,0,0,0,0
"1,249,433","C->A","SP_1326","K733N (AAG->AAT) ","exo-alpha-sialidase",0,470.1,0,0,0,0,0,0,0,0,0,0,0,0,0,0,0,0,0,0,0,0,0,0,0,0,0,0,0,0
"1,476,969","G->A","clpX","R83C (CGT->TGT) ","ATP-dependent Clp protease ATP-binding subunit ClpX",0,565.4,0,0,0,0,0,0,0,0,0,0,0,0,0,0,0,0,0,0,0,0,0,0,0,0,0,0,0,0
"1,697,976","G->T","pepF","T530N (ACT->AAT) ","oligoendopeptidase F",0,579,0,0,0,0,0,0,0,0,0,0,0,0,0,0,0,0,0,0,0,0,0,0,0,0,0,0,0,0
"86,069","C->T","SP_RS00420","Q100* (CAG->TAG) ","hypothetical protein",0,0,151.2,0,0,0,0,0,0,0,0,0,0,0,0,0,0,0,0,0,0,0,0,0,0,0,0,0,0,0
"1,053,704","G->T","SP_1119/glgB","intergenic (+468/-15)","NADP-dependent glyceraldehyde-3-phosphate dehydrogenase/1,4-alpha-glucan branching protein GlgB",0,0,215.1,0,0,0,0,0,0,0,0,0,0,0,0,0,0,0,0,0,0,0,0,0,0,0,0,0,0,0
"1,177,605","C->A","SP_1245","G199C (GGT->TGT) ","Cof-type HAD-IIB family hydrolase",0,0,157.6,0,0,0,0,0,0,0,0,0,0,0,0,0,0,0,0,0,0,0,0,0,0,0,0,0,0,0
"1,305,746","A->G","SP_1382","K322E (AAG->GAG) ","alpha-amylase",0,0,208.6,0,0,2233.2,0,0,0,0,0,0,0,0,0,0,0,0,0,0,0,0,0,0,0,0,0,0,0,0
"1,775,313","G->A","SP_1869","V268I (GTC->ATC) ","ABC transporter permease",0,0,154.2,0,0,0,0,0,0,0,0,0,0,0,0,0,0,0,0,0,0,0,0,0,0,0,0,0,0,0
"1,987,587","G->A","argR","A134V (GCC->GTC) ","arginine repressor",0,0,208.9,0,0,2093.4,0,0,0,0,0,0,0,0,0,0,0,0,0,0,0,0,0,0,0,0,0,0,0,0
"756,771","G->C","SP_0802","E408Q (GAA->CAA) ","bifunctional DnaQ family exonuclease/ATP-dependent helicase",0,0,183.7,0,0,0,0,0,0,0,0,0,0,0,0,0,0,0,0,0,0,0,0,0,0,0,0,0,0,0
"1,173,434","C->T","SP_1241","P645L (CCA->CTA) ","ABC transporter substrate-binding protein/permease",0,0,346.3,1012.9,0,220,0,0,0,0,0,0,330.4,269.9,0,0,0,0,0,0,0,0,0,0,0,645.8,0,0,0,606.4
"2,120,385","G->T","SP_2198","A189A (GCC->GCA) ","ABC transporter permease",0,0,409.7,1115.3,0,340.7,0,107.7,171.4,0,0,0,794.1,293.4,0,6473.3,0,954.3,0,0,0,2528.4,0,0,0,1486.4,116.5,772.4,0,1048.3
"572,204","C->A","SP_0605","P201T (CCA->ACA) ","fructose-bisphosphate aldolase",0,0,312.1,0,0,0,0,0,0,0,0,0,0,0,0,0,0,0,0,0,0,0,0,0,0,0,0,0,0,0
"1,369,984","C->A","SP_1450","E159D (GAG->GAT) ","1-alkyl-2-acetylglycerophosphocholine esterase",0,0,334.5,359.1,0,0,315.4,0,0,0,0,0,0,0,0,0,0,0,0,0,0,0,0,0,0,0,0,0,0,0
"1,402,282","C->T","SP_1491","L14L (TTG->TTA) ","aquaporin family protein",0,0,163.4,0,0,0,0,0,0,0,0,0,0,0,0,0,0,0,0,0,0,0,0,0,0,0,0,0,0,0
"1,488,326","C->T","SP_1583","G130D (GGT->GAT) ","cysteine hydrolase",0,0,346.6,325.5,0,0,327.1,0,0,0,0,0,0,0,0,0,0,0,0,0,0,0,0,0,0,0,0,0,0,0
"1,488,585","G->A","SP_1583","R44* (CGA->TGA) ","cysteine hydrolase",0,0,171,1057.9,0,0,0,0,0,0,0,0,0,0,0,0,0,0,0,0,0,0,0,0,0,0,0,746.8,0,273
"749,654","G->A","SP_0797","L116L (TTG->TTA) ","M1 family metallopeptidase",0,0,102.5,0,0,0,0,0,0,0,0,0,0,0,0,0,0,0,0,0,0,0,0,0,0,0,0,0,0,0
"689,931","T->G","SP_0725","P102P (CCT->CCG) ","thiamine phosphate synthase",0,0,921.9,0,0,0,0,0,0,0,0,0,0,0,0,0,0,0,0,0,0,0,0,0,0,0,0,0,0,0
"475,165","C->A","SP_0496","A358S (GCC->TCC) ","Na/Pi cotransporter family protein",0,0,155.8,0,0,0,0,0,0,0,0,0,0,0,0,0,0,0,0,0,0,0,0,0,0,0,0,0,0,0
"1,816,731","C->T","rlmD","G24S (GGC->AGC) ","23S rRNA (uracil(1939)-C(5))-methyltransferase RlmD",0,0,144.2,0,0,0,0,0,0,0,0,0,0,0,0,0,0,0,0,0,0,0,0,0,0,0,0,0,0,0
"167,405","A->G","mutL","E552G (GAA->GGA) ","DNA mismatch repair endonuclease MutL",0,0,0,208.4,0,0,274.8,0,0,0,0,0,0,0,0,0,0,0,0,0,0,0,0,0,0,0,0,0,0,0
"1,502,974","A->T","truA","M71K (ATG->AAG) ","tRNA pseudouridine(38-40) synthase TruA",0,0,0,193,0,0,293.5,0,0,0,0,0,0,0,0,0,0,0,0,0,0,0,0,0,0,0,0,0,0,0
"323,611","G->A","cps4D","G216R (GGA->AGA) ","capsular polysaccharide biosynthesis protein Cps4D",0,0,0,193.5,0,0,267.3,0,0,0,0,0,0,0,0,0,0,0,0,0,0,0,0,0,0,0,0,0,0,0
"277,894","C->T","SP_0303","P353S (CCA->TCA) ","6-phospho-beta-glucosidase",0,0,0,236.3,0,0,0,0,0,0,0,0,0,0,0,0,0,0,0,0,0,0,0,0,0,0,0,0,0,0
"1,012,954","A->C","SP_1076","E49A (GAA->GCA) ","glycosyltransferase family 4 protein",0,0,0,130.3,0,0,0,0,0,0,0,0,0,0,0,0,0,0,0,0,0,0,0,0,0,0,0,0,0,0
"1,044,972","C->T","SP_1115","A90V (GCA->GTA) ","XRE/MutR family transcriptional regulator",0,0,0,114.9,0,0,0,0,0,0,0,0,0,0,0,0,0,0,0,0,0,0,0,0,0,0,0,0,0,0
"323,101","G->A","cps4D","G46R (GGG->AGG) ","capsular polysaccharide biosynthesis protein Cps4D",0,0,0,378.3,0,0,0,0,0,0,0,0,0,0,0,0,0,0,0,0,0,0,0,0,0,0,0,0,0,0
"1,350,288","G->T","SP_1431","A180S (GCA->TCA) ","site-specific DNA-methyltransferase",0,0,0,364,0,0,0,0,0,0,0,0,0,0,0,0,0,0,0,0,0,0,0,0,0,0,0,0,0,0
"1,643,309","G->A","SP_1739","L516F (CTC->TTC) ","ribonuclease Y",0,0,0,382.8,0,0,0,0,0,0,0,0,0,0,0,0,0,0,0,0,0,0,0,0,0,0,0,0,0,0
"1,833,628","C->G","SP_1924","M9I (ATG->ATC) ","hypothetical protein",0,0,0,189.2,0,0,0,0,0,0,0,0,0,0,0,0,0,0,0,0,0,0,0,0,0,0,0,0,0,0
"2,091,803","A->C","dltC","V43G (GTG->GGG) ","D-alanine--poly(phosphoribitol) ligase subunit DltC",0,0,0,302.9,0,0,0,0,0,0,0,0,0,0,0,0,0,0,0,0,0,0,0,0,0,0,0,0,0,0
"1,380,077","A->C","pdxT","S142R (AGT->AGG) ","pyridoxal 5'-phosphate synthase glutaminase subunit PdxT",0,0,0,126.3,0,0,0,0,0,0,0,0,0,0,0,0,0,0,0,0,0,0,0,0,0,0,0,0,0,0
"687,246","C->T","SP_0721","S100L (TCA->TTA) ","energy-coupling factor transporter transmembrane protein EcfT",0,0,0,444.4,0,0,0,0,0,0,0,0,0,0,0,0,0,0,0,0,0,0,0,0,0,0,0,0,0,0
"779,830","T->G","SP_0830","F64L (TTT->TTG) ","DUF1697 domain-containing protein",0,0,0,421.1,0,0,0,0,0,0,0,0,0,0,0,0,0,0,0,0,0,0,0,0,0,0,0,0,0,0
"1,488,558","C->A","SP_1583","D53Y (GAT->TAT) ","cysteine hydrolase",0,0,0,421.1,0,0,0,0,0,0,0,0,0,0,0,0,0,0,0,0,0,0,0,0,0,0,0,0,0,0
"2,106,969","G->C","SP_2187","R271R (CGC->CGG) ","helix-turn-helix domain-containing protein",0,0,0,464.5,0,0,0,0,0,0,0,0,0,0,0,0,0,0,0,0,0,0,0,0,0,0,0,0,0,0
"2,109,170","G->T","dusB","W122C (TGG->TGT) ","tRNA dihydrouridine synthase DusB",0,0,0,452.1,0,0,0,0,0,0,0,0,0,0,0,0,0,0,0,0,0,0,0,0,0,0,0,0,0,0
"2,137,201","T->G","mreC","G217G (GGA->GGC) ","rod shape-determining protein MreC",0,0,0,415.5,0,0,0,0,0,0,0,0,0,0,0,0,0,0,0,0,0,0,0,0,0,0,0,0,0,0
"412,022","C->T","gatC","G70R (GGA->AGA) ","Asp-tRNA(Asn)/Glu-tRNA(Gln) amidotransferase subunit GatC",0,0,0,101,0,0,0,0,0,0,0,0,0,0,0,0,0,0,0,0,0,0,0,0,0,0,0,0,0,0
"1,337,055","G->C","SP_RS12215","A132G (GCA->GGA) ","G5 domain-containing protein",0,0,0,191.7,0,0,0,0,0,0,0,0,0,0,0,0,0,0,0,0,0,0,0,0,0,0,0,0,0,0
"323,548","C->A","cps4D","Q195K (CAA->AAA) ","capsular polysaccharide biosynthesis protein Cps4D",0,0,0,300,0,0,200,0,0,0,0,0,0,0,0,0,0,0,0,0,0,0,0,0,0,0,0,0,0,0
"2,048,712","C->A","pcpA/SP_RS10905","intergenic (-191/-144)","choline-binding protein PcpA/ATP-binding protein",0,0,0,0,505.5,0,0,0,0,0,0,0,0,0,0,0,0,0,0,0,0,0,0,0,0,0,0,0,0,0
"355,474","C->G","SP_0376","L106V (CTT->GTT) ","response regulator transcription factor",0,0,0,0,580.7,0,0,0,0,0,0,0,0,0,0,0,0,0,0,0,0,0,0,0,0,0,0,0,0,0
"1,849,037","A->C","SP_1945/SP_1946","intergenic (-381/+2)","hypothetical protein/helix-turn-helix transcriptional regulator",0,0,0,0,124.3,0,0,0,0,0,0,0,0,0,0,0,0,0,0,0,0,0,0,0,0,0,0,0,0,0
"2,091,998","(ATGACAAC)1->2","dltB","coding (1191/1245 nt)","D-alanyl-lipoteichoic acid biosynthesis protein DltB",0,0,0,0,122.7,0,0,0,0,0,0,0,0,0,0,0,0,0,0,0,0,0,0,0,0,0,0,0,0,0
"842,239","G->A","SP_0892","M705I (ATG->ATA) ","DEAD/DEAH box helicase family protein",0,0,0,0,452.7,0,0,0,0,0,0,0,0,0,0,0,0,0,0,0,0,0,0,0,0,0,0,0,0,0
"1,488,860","C->T","codY","G215R (GGA->AGA) ","GTP-sensing pleiotropic transcriptional regulator CodY",0,0,0,0,463.6,0,0,0,0,0,0,0,0,0,0,0,0,0,0,0,0,0,0,0,0,0,0,0,0,0
"2,148,733","G->T","trpS/SP_2230","intergenic (-106/-100)","tryptophan--tRNA ligase/ATP-binding cassette domain-containing protein",0,0,0,0,116.3,0,0,0,0,0,0,0,0,0,0,0,0,0,0,0,0,0,0,0,0,0,0,0,0,0
"185,276","T->G","cls","I19S (ATT->AGT) ","cardiolipin synthase",0,0,0,0,172.9,0,0,0,0,0,0,0,0,0,0,0,0,0,0,0,0,0,0,0,0,0,0,0,0,0
"685,338","G->T","SP_0719","K113N (AAG->AAT) ","ECF transporter S component",0,0,0,0,146.9,0,0,0,0,0,0,0,0,0,0,0,0,0,0,0,0,0,0,0,0,0,0,0,0,0
"1,643,377","G->C","SP_1739","P493R (CCA->CGA) ","ribonuclease Y",0,0,0,0,153.9,0,0,0,0,0,0,0,0,0,0,0,0,0,0,0,0,0,0,0,0,0,0,0,0,0
"1,644,032","A->T","SP_1739","F275I (TTT->ATT) ","ribonuclease Y",0,0,0,0,174,0,0,0,0,0,0,0,0,0,0,0,0,0,0,0,0,0,0,0,0,0,0,0,0,0
"1,644,209","G->T","SP_1739","Q216K (CAA->AAA) ","ribonuclease Y",0,0,0,0,204.5,0,0,0,0,0,0,0,0,0,0,0,0,0,0,0,0,0,0,0,0,0,0,0,0,0
"1,256,183","+T","SP_1331/SP_1332","intergenic (-47/+352)","MurR/RpiR family transcriptional regulator/CPBP family intramembrane metalloprotease",0,0,0,0,200,0,0,0,0,0,0,0,0,0,0,0,0,0,0,0,0,0,0,0,0,0,0,0,0,0
"1,566,346","G->T","ftsZ","A122A (GCC->GCA) ","cell division protein FtsZ",0,0,0,0,0,339.8,0,0,0,0,0,0,0,0,0,0,0,0,0,0,0,0,0,0,0,0,0,0,0,0
"1,950,641","T->G","SP_RS12490","pseudogene (89/595 nt)","methyltransferase domain-containing protein",0,0,0,0,0,255.9,0,0,0,0,0,0,0,0,0,0,0,0,0,0,0,0,0,0,0,0,0,0,0,0
"1,593,440","1 bp","SP_1691/SP_1692","intergenic (-582/-532)","YhcH/YjgK/YiaL family protein/ISL3 family transposase",0,0,0,0,0,200,0,0,0,0,0,0,0,0,2000,0,1400,2100,0,0,0,0,0,1300,0,0,0,0,0,500
"428,993","C->G","SP_RS11755","pseudogene (660/1018 nt)","IS110 family transposase",0,0,0,0,0,102.4,0,0,0,0,0,0,0,0,0,0,0,0,0,0,0,0,0,0,0,0,0,0,0,0
"1,781,388","G->A","xerD","S24S (TCC->TCT) ","site-specific tyrosine recombinase XerD",0,0,0,0,0,121.3,0,0,0,0,0,0,0,0,0,0,0,0,0,0,0,0,0,0,0,0,0,0,0,0
"656,356","G->C","SP_RS13125","pseudogene (199/299 nt)","lactococcin 972 family bacteriocin",0,0,0,0,0,162,0,0,0,0,0,0,0,0,0,0,0,0,0,0,0,0,0,0,0,0,0,0,0,0
"1,582,272","G->A","SP_1683","F408F (TTC->TTT) ","ABC transporter substrate-binding protein",0,0,0,0,0,0,116.5,0,0,0,0,0,0,0,0,0,0,0,0,0,0,0,0,0,0,0,0,0,0,0
"1,591,061","C->T","SP_1690","A443T (GCT->ACT) ","sugar ABC transporter substrate-binding protein",0,0,0,0,0,0,100.4,0,0,0,0,0,0,0,0,0,0,0,0,0,0,0,0,0,0,0,0,0,0,0
"322,724","C->T","cpsC","T154I (ACT->ATT) ","capsular polysaccharide biosynthesis protein CpsC",0,0,0,0,0,0,291.7,0,0,0,0,0,0,0,0,0,0,0,0,0,0,0,0,0,0,0,0,0,0,0
"659,855","C->T","SP_0688","T187T (ACC->ACT) ","UDP-N-acetylmuramoyl-L-alanine--D-glutamate ligase",0,0,0,0,0,0,132.2,0,0,0,0,0,0,0,0,0,0,0,0,0,0,0,0,0,0,0,0,0,0,0
"1,599,084","C->T","SP_1694/SP_1695","intergenic (-387/+374)","hypothetical protein/acetylxylan esterase",0,0,0,0,0,0,108.6,0,0,0,0,0,0,0,0,0,0,0,0,0,0,0,0,0,0,0,0,0,0,0
"1,833,707","G->T","SP_1924/SP_1925","intergenic (-53/+18)","hypothetical protein/hypothetical protein",0,0,0,0,0,0,275.1,0,0,0,0,0,0,0,0,0,0,0,0,0,0,0,0,0,0,0,0,0,0,0
"1,323,940","G->A","pstS/SP_1402","intergenic (-2/+572)","phosphate ABC transporter substrate-binding protein PstS/RsmF rRNA methyltransferase first C-terminal domain-containing protein",0,0,0,0,0,0,135.2,0,0,0,0,0,0,0,0,0,0,0,0,0,0,0,0,0,0,0,0,0,0,0
"69,069","C->T","SP_0064","P38L (CCA->CTA) ","PTS sugar transporter subunit IIA",0,0,0,0,0,0,154.5,0,0,0,1217.7,0,0,0,0,0,0,0,0,0,0,0,0,0,0,0,0,0,152.3,0
"680,946","1 bp","lctO","coding (517/1137 nt)","L-lactate oxidase",0,0,0,0,0,0,1000,0,2700,0,0,0,0,0,0,0,0,0,0,0,0,0,0,0,0,0,0,0,0,0
"1,945,589","C->A","SP_2040","E318D (GAG->GAT) ","protein jag",0,0,0,0,0,0,986.5,0,2610.9,0,0,0,0,0,0,0,0,0,0,0,0,0,0,0,0,0,0,0,0,0
"191,145","C->T","SP_0204","Q25* (CAG->TAG) ","GNAT family N-acetyltransferase",0,0,0,0,0,0,508.6,0,0,0,0,0,0,0,0,0,0,0,0,0,0,0,0,0,0,0,0,0,0,0
"755,667","C->T","SP_0802","H40Y (CAC->TAC) ","bifunctional DnaQ family exonuclease/ATP-dependent helicase",0,0,0,0,0,0,510.3,0,0,0,0,0,0,0,0,0,0,0,0,0,0,0,0,0,0,0,0,0,0,0
"1,488,305","A->T","SP_1583","V137D (GTC->GAC) ","cysteine hydrolase",0,0,0,0,0,0,517.2,0,0,0,0,0,0,0,0,0,0,0,0,0,0,0,0,0,0,0,0,0,0,0
"1,389,726","T->C","glyQ","T6A (ACA->GCA) ","glycine--tRNA ligase subunit alpha",0,0,0,0,0,0,122.5,0,439.4,0,0,0,0,0,0,0,0,0,0,0,0,0,0,0,0,0,0,0,0,0
"1,199,009","C->T","SP_1264/dprA","intergenic (-615/+275)","TIGR00341 family protein/DNA-processing protein DprA",0,0,0,0,0,0,0,127.3,0,499.5,463.1,751.5,0,207.7,701.5,939.3,524.5,0,0,0,0,0,0,0,0,0,0,0,0,0
"1,199,011","A->G","SP_1264/dprA","intergenic (-617/+273)","TIGR00341 family protein/DNA-processing protein DprA",0,0,0,0,0,0,0,127.8,0,1025.3,784.1,963.5,288.1,649.5,869,1080.2,555.4,0,0,0,0,0,0,0,0,0,0,0,0,0
"1,237,542","T->C","SP_RS12810","pseudogene (231/309 nt)","transposase",0,0,0,0,0,0,0,123.7,0,997.9,882.8,951.2,737.8,896.8,928.9,990.8,877.7,771.2,0,0,0,0,0,0,0,0,0,0,0,0
"1,237,580","T->G","SP_RS12810","pseudogene (269/309 nt)","transposase",0,0,0,0,0,0,0,107.9,0,699.4,432,705.4,254.2,693.2,718,761.7,694.1,206.7,0,0,0,0,0,0,0,0,0,0,0,0
"1,503,311","C->A","truA/SP_1600","intergenic (-126/+192)","tRNA pseudouridine(38-40) synthase TruA/MFS transporter",0,0,0,0,0,0,0,105.4,0,954.2,756.5,892.7,444.5,707.4,729.4,966.7,692.4,236.5,0,0,0,0,0,0,0,0,0,0,0,0
"1,503,317","A->G","truA/SP_1600","intergenic (-132/+186)","tRNA pseudouridine(38-40) synthase TruA/MFS transporter",0,0,0,0,0,0,0,103.3,0,884.3,538.8,807.7,210.4,671.9,470.5,921.3,464.7,201.6,0,0,0,0,0,0,0,0,0,0,0,0
"1,504,836","C->T","SP_1600/SP_1601","intergenic (-182/+58)","MFS transporter/Pr6Pr family membrane protein",0,0,0,0,0,0,0,182.6,0,1261.5,1261.4,1305.5,1125.1,1261.9,1192,1358,1139,1041,0,0,0,0,0,0,0,0,0,0,0,0
"1,504,842","T->G","SP_1600/SP_1601","intergenic (-188/+52)","MFS transporter/Pr6Pr family membrane protein",0,0,0,0,0,0,0,119.5,0,871.1,860.6,889.4,810.3,862.7,833.6,939.9,793.8,748.3,0,0,0,0,0,0,0,0,0,0,0,0
"2,029,455","A->G","aspS/SP_RS12930","intergenic (-164/+72)","aspartate--tRNA ligase/UDP-galactopyranose mutase",0,0,0,0,0,0,0,130.4,0,0,0,0,0,0,0,0,0,0,0,0,0,0,0,0,0,0,0,0,0,0
"2,032,378","C->T","SP_RS13195SP_RS12935","M1M (GTG->ATG) +pseudogene (70/81 nt)","hypothetical proteinUDP-galactopyranose mutase",0,0,0,0,0,0,0,171.9,0,0,0,0,0,0,0,0,0,0,0,0,0,0,0,0,0,0,0,0,0,0
"695,289","T->G","spxB","V143G (GTA->GGA) ","pyruvate oxidase",0,0,0,0,0,0,0,116.8,0,0,0,0,0,0,0,0,0,0,0,0,0,0,0,0,0,0,0,0,0,0
"725,199","G->A","SP_0765","V344I (GTC->ATC) ","DNA polymerase III subunit delta",0,0,0,0,0,0,0,158.8,0,0,0,0,0,0,0,0,0,0,0,0,0,0,0,0,0,0,0,0,0,0
"1,019,453","C->T","spxR","T139I (ACA->ATA) ","CBS-HotDog domain-containing transcription factor SpxR",0,0,0,0,0,0,0,152.6,0,0,0,0,0,0,0,0,0,0,0,0,0,0,0,0,0,0,0,0,0,0
"2,092,590","C->T","dltB","W200* (TGG->TAG) ","D-alanyl-lipoteichoic acid biosynthesis protein DltB",0,0,0,0,0,0,0,104.4,0,0,0,0,0,0,0,0,0,0,0,0,0,0,0,0,0,0,0,0,0,0
"1,402,330","G->A","SP_1491/SP_1492","intergenic (-7/+217)","aquaporin family protein/LPXTG cell wall anchor domain-containing protein",0,0,0,0,0,0,0,263.2,0,0,0,0,0,0,0,0,0,0,0,0,0,0,0,0,0,0,0,0,0,0
"1,643,386","A->T","SP_1739","M490K (ATG->AAG) ","ribonuclease Y",0,0,0,0,0,0,0,287.3,0,0,0,0,0,0,0,0,0,0,0,0,0,0,0,0,0,0,0,0,0,0
"1,342,657","C->T","SP_1421","R145H (CGT->CAT) ","nicotinate phosphoribosyltransferase",0,0,0,0,0,0,0,0,108.8,0,0,0,0,0,0,0,0,0,0,0,0,0,0,0,0,0,0,0,0,0
"58,287","C->G","purB","S6C (TCT->TGT) ","adenylosuccinate lyase",0,0,0,0,0,0,0,0,551.9,0,0,0,0,0,0,0,0,0,0,0,0,0,0,0,0,0,0,0,0,0
"759,633","C->T","SP_0804","D121D (GAC->GAT) ","DJ-1/PfpI family protein",0,0,0,0,0,0,0,0,552.9,0,0,0,0,0,0,0,0,0,0,0,0,0,0,0,0,0,0,0,0,0
"1,741,245","G->A","galT","P85L (CCT->CTT) ","UDP-glucose--hexose-1-phosphate uridylyltransferase",0,0,0,0,0,0,0,0,224.8,0,0,0,0,0,0,0,0,0,0,0,0,0,0,0,0,0,0,0,0,0
"651,000","C->T","SP_0676","D242N (GAT->AAT) ","LysR family transcriptional regulator",0,0,0,0,0,0,0,0,120.4,0,0,0,0,0,0,0,0,0,0,0,0,0,0,0,0,0,0,0,0,0
"1,246,885","C->A","SP_1323","V102L (GTA->TTA) ","hypothetical protein",0,0,0,0,0,0,0,0,118.2,0,0,0,0,0,0,0,0,0,0,0,0,0,0,0,0,0,0,0,0,0
"1,252,145","T->A","SP_1328","I503F (ATT->TTT) ","sodium:solute symporter",0,0,0,0,0,0,0,0,111.2,0,0,0,0,0,0,0,0,0,0,0,0,0,0,0,0,0,0,0,0,0
"1,488,549","C->A","SP_1583","E56* (GAA->TAA) ","cysteine hydrolase",0,0,0,0,0,0,0,0,182.2,0,0,0,0,0,0,0,0,0,0,0,0,0,0,0,0,0,0,0,0,0
"356,563","C->A","cbpC","A206D (GCT->GAT) ","choline-binding protein CbpC",0,0,0,0,0,0,0,0,109,0,0,0,0,0,0,0,0,0,0,0,0,0,0,0,0,0,0,0,0,0
"635,402","C->T","SP_0664","P208S (CCT->TCT) ","LPXTG cell wall anchor domain-containing protein",0,0,0,0,0,0,0,0,119.1,0,0,0,0,0,0,0,0,0,0,0,0,0,0,0,0,0,0,0,0,0
"662,733","G->A","divIB","P339P (CCG->CCA) ","cell division protein DivIB",0,0,0,0,0,0,0,0,109.1,0,0,0,0,0,0,0,0,0,0,0,0,0,0,0,0,0,0,0,0,0
"1,752,956","A->C","SP_RS12910","pseudogene (98/457 nt)","DUF3290 family protein",0,0,0,0,0,0,0,0,117.8,0,0,0,0,0,0,0,0,0,0,0,0,0,0,0,0,0,0,0,0,0
"1,976,065","T->G","SP_2296/SP_2068","intergenic (-8/+114)","tRNA-Glu/cytidine deaminase",0,0,0,0,0,0,0,0,113,0,0,0,0,0,0,0,0,0,0,0,0,0,0,0,0,0,0,0,0,0
"111,570","T->G","SP_0110","R146R (CGT->CGG) ","bacteriocin-associated integral membrane family protein",0,0,0,0,0,0,0,0,176.8,0,0,0,0,0,0,0,0,0,0,0,0,0,0,0,0,0,0,0,0,0
"801,686","G->C","parC","M329I (ATG->ATC) ","DNA topoisomerase IV subunit A",0,0,0,0,0,0,0,0,198,0,0,0,0,0,0,0,0,0,0,0,0,0,0,0,0,0,0,0,0,0
"1,006,908","T->A","SP_1070","L67* (TTG->TAG) ","ABC transporter permease",0,0,0,0,0,0,0,0,186,0,0,0,0,0,0,0,0,0,0,0,0,0,0,0,0,0,0,0,0,0
"1,219,879","T->G","rsmG","F132V (TTT->GTT) ","16S rRNA (guanine(527)-N(7))-methyltransferase RsmG",0,0,0,0,0,0,0,0,179.5,0,0,0,0,0,0,0,0,0,0,0,0,0,0,0,0,0,0,0,0,0
"1,278,292","C->T","SP_1357","L306L (TTG->TTA) ","ABC transporter ATP-binding protein/permease",0,0,0,0,0,0,0,0,179.4,0,0,0,0,0,0,0,0,0,0,0,0,0,0,0,0,0,0,0,0,0
"1,695,318","G->A","queF","pseudogene (186/533 nt)","NADPH-dependent 7-cyano-7-deazaguanine reductase QueF",0,0,0,0,0,0,0,0,360.7,0,0,0,0,0,0,0,0,0,0,0,0,0,0,0,0,0,0,0,0,0
"1,861,238","17 bp","SP_1957/ndk","intergenic (+63/+867)","ABC transporter ATP-binding protein/nucleoside-diphosphate kinase",0,0,0,0,0,0,0,0,200.3,0,0,0,0,0,0,0,0,0,0,0,0,0,0,0,0,0,0,0,0,0
"818,757","A->G","sufB/pbp3","intergenic (+46/+185)","Fe-S cluster assembly protein SufB/D-alanyl-D-alanine carboxypeptidase PBP3",0,0,0,0,0,0,0,0,0,794.6,0,482.5,0,0,0,702.1,0,0,0,0,0,0,0,0,0,0,0,0,0,0
"821,632","A->C","SP_0873/SP_2247","intergenic (+237/+826)","cell elongation protein CozE/tRNA-Ser",0,0,0,0,0,0,0,0,0,209,0,0,0,0,0,0,0,0,0,0,0,0,0,0,0,0,0,0,0,0
"1,108,121","A->G","SP_1173/phtB","intergenic (-285/+137)","PTS-dependent dihydroxyacetone kinase phosphotransferase subunit DhaM/pneumococcal histidine triad protein PhtB",0,0,0,0,0,0,0,0,0,205.8,0,0,0,0,0,0,0,0,0,0,0,0,0,0,0,0,0,0,0,0
"348,469","C->T","pbp1a","G182R (GGA->AGA) ","penicillin-binding protein PBP1A",0,0,0,0,0,0,0,0,0,3446.5,346.2,1878.8,0,0,0,0,0,0,0,0,0,0,0,0,522.8,0,156.6,0,0,0
"80,028","C->G","SP_0073","D114E (GAC->GAG) ","VOC family protein",0,0,0,0,0,0,0,0,0,4002,0,0,0,0,0,0,0,0,0,0,0,0,0,0,0,0,0,0,0,0
"322,510","C->T","cpsC","R83C (CGT->TGT) ","capsular polysaccharide biosynthesis protein CpsC",0,0,0,0,0,0,0,0,0,3943.2,0,0,3061.8,0,0,0,0,0,0,0,0,0,0,0,0,0,0,0,0,0
"338,163","T->C","SP_RS01775","pseudogene (222/309 nt)","transposase",0,0,0,0,0,0,0,0,0,656.4,426.3,455.4,0,222.3,459.1,718,440,0,0,0,0,0,0,0,0,0,0,0,0,0
"418,926","C->T","SP_0445","S493L (TCG->TTG) ","acetolactate synthase large subunit",0,0,0,0,0,0,0,0,0,316.2,0,0,0,0,0,0,0,0,0,0,0,0,0,0,0,0,0,0,0,0
"685,749","C->T","SP_0720","V63V (GTC->GTT) ","energy-coupling factor ABC transporter ATP-binding protein",0,0,0,0,0,0,0,0,0,292.5,0,0,0,0,0,0,0,0,0,0,0,0,0,0,0,0,0,0,0,0
"697,422","A->G","SP_RS11930","pseudogene (692/902 nt)","IS630 family transposase",0,0,0,0,0,0,0,0,0,697.3,248.9,455.7,0,427.9,242.7,860.3,275.7,0,0,0,0,0,0,0,0,0,0,0,0,0
"1,031,323","G->T","SP_1098","D65Y (GAC->TAC) ","NAD kinase",0,0,0,0,0,0,0,0,0,4152.3,0,0,0,0,0,0,0,0,0,0,0,0,0,0,0,0,0,0,0,0
"1,125,181","T->A","SP_1187","N162Y (AAT->TAT) ","transcription antiterminator",0,0,0,0,0,0,0,0,0,264.7,0,0,0,0,0,0,0,0,0,0,0,0,0,0,0,0,0,0,0,0
"1,488,283","1 bp","SP_1583","coding (432/576 nt)","cysteine hydrolase",0,0,0,0,0,0,0,0,0,282.8,0,0,0,0,0,0,0,0,0,0,0,0,0,0,0,0,0,0,0,0
"1,599,012","A->G","SP_1694/SP_1695","intergenic (-315/+446)","hypothetical protein/acetylxylan esterase",0,0,0,0,0,0,0,0,0,853.3,664.1,765.3,0,439.1,225,840.4,0,213.4,0,0,0,0,0,0,0,0,0,0,0,0
"1,643,432","C->T","SP_1739","V475M (GTG->ATG) ","ribonuclease Y",0,0,0,0,0,0,0,0,0,2196.7,0,0,0,0,0,0,0,0,0,0,0,0,0,0,0,0,0,0,0,0
"1,731,199","C->T","trpE/SP_RS12900","intergenic (-508/+86)","anthranilate synthase component I/UDP-galactopyranose mutase",0,0,0,0,0,0,0,0,0,1315.2,1174.8,1394,782.4,1114.3,1036.8,1660.7,735.1,891.1,0,0,0,0,0,0,0,0,0,0,0,0
"1,731,200","T->C","trpE/SP_RS12900","intergenic (-509/+85)","anthranilate synthase component I/UDP-galactopyranose mutase",0,0,0,0,0,0,0,0,0,1314.6,1174.2,1392.8,782.1,1105.7,1013.7,1662.5,734.6,893.1,0,0,0,0,0,0,0,0,0,0,0,0
"2,036,780","G->A","SP_RS12940/ilvD","intergenic (+126/+80)","UDP-galactopyranose mutase/dihydroxy-acid dehydratase",0,0,0,0,0,0,0,0,0,462.8,688,698.8,200.4,740.5,513.4,760,456.3,462.4,0,0,0,0,0,0,0,0,0,0,0,0
"1,199,001","G->A","SP_1264/dprA","intergenic (-607/+283)","TIGR00341 family protein/DNA-processing protein DprA",0,0,0,0,0,0,0,0,0,794.9,471,874.2,201.4,266,893.4,1061.4,569.4,0,0,0,0,0,0,0,0,0,0,0,0,0
"1,731,162","A->C","trpE/SP_RS12900","intergenic (-471/+123)","anthranilate synthase component I/UDP-galactopyranose mutase",0,0,0,0,0,0,0,0,0,1049.5,694.6,1085.4,419.1,751.9,718.9,1395.4,545.1,439.9,0,0,0,0,0,0,0,0,0,0,0,0
"1,731,173","A->G","trpE/SP_RS12900","intergenic (-482/+112)","anthranilate synthase component I/UDP-galactopyranose mutase",0,0,0,0,0,0,0,0,0,1113.3,954.5,1158.4,462.4,840.1,779.9,1471.7,585.7,700.6,0,0,0,0,0,0,0,0,0,0,0,0
"2,026,593","C->A","SP_RS13190/SP_2113","intergenic (+60/+16)","UDP-galactopyranose mutase/YitT family protein",0,0,0,0,0,0,0,0,0,222.6,0,0,0,0,0,0,0,0,0,0,0,0,0,0,0,0,0,0,0,0
"1,862,940","G->A","rpoC","A1128V (GCC->GTC) ","DNA-directed RNA polymerase subunit beta'",0,0,0,0,0,0,0,0,0,730.4,0,0,0,0,0,0,0,0,0,0,0,0,0,0,0,0,0,0,0,0
"1,963,487","G->C","SP_2062/SP_2063","intergenic (-176/+147)","MarR family winged helix-turn-helix transcriptional regulator/LysM peptidoglycan-binding domain-containing protein",0,0,0,0,0,0,0,0,0,746.6,0,0,0,0,0,0,0,0,0,0,0,0,0,0,0,0,0,0,0,0
"131,362","G->T","SP_RS00665","pseudogene (402/1301 nt)","ISL3 family transposase",0,0,0,0,0,0,0,0,0,1211.9,0,0,0,0,0,0,0,0,0,0,0,0,0,0,0,0,0,0,0,0
"622,245","C->T","SP_0648/SP_RS03180","intergenic (+102/+146)","Ig-like domain-containing protein/transposase",0,0,0,0,0,0,0,0,0,2249.3,0,0,0,0,0,0,0,0,0,0,0,0,0,0,0,0,0,0,0,0
"809,377","G->A","rpsA","D397N (GAT->AAT) ","30S ribosomal protein S1",0,0,0,0,0,0,0,0,0,1170,0,0,0,0,0,0,0,0,0,0,0,0,0,0,0,0,0,0,0,0
"1,113,499","T->G","phtA/ptsP","intergenic (-175/+79)","pneumococcal histidine triad protein PhtA/phosphoenolpyruvate--protein phosphotransferase",0,0,0,0,0,0,0,0,0,1168.7,0,0,0,0,0,0,0,0,0,0,0,0,0,0,0,0,0,0,0,0
"1,488,476","1 bp","SP_1583","coding (239/576 nt)","cysteine hydrolase",0,0,0,0,0,0,0,0,0,2186.4,0,0,0,0,0,0,0,0,0,0,0,0,0,0,0,0,0,0,0,0
"1,599,020","G->A","SP_1694/SP_1695","intergenic (-323/+438)","hypothetical protein/acetylxylan esterase",0,0,0,0,0,0,0,0,0,444.5,428.5,466.2,0,0,0,742.2,0,0,0,0,0,0,0,0,0,0,0,0,0,0
"1,644,830","C->A","SP_1739","A9S (GCT->TCT) ","ribonuclease Y",0,0,0,0,0,0,0,0,0,1163.9,0,0,0,0,0,0,0,0,0,0,0,0,0,0,0,0,0,0,0,0
"2,016,331","+G","SP_2105/glgP","intergenic (+975/+68)","hypothetical protein/glycogen/starch/alpha-glucan family phosphorylase",0,0,0,0,0,0,0,0,0,636.9,884.4,786.1,208.3,649.1,525.1,633.8,723.2,854.1,0,0,0,0,0,0,0,0,0,0,0,0
"322,519","A->C","cpsC","I86L (ATC->CTC) ","capsular polysaccharide biosynthesis protein CpsC",0,0,0,0,0,0,0,0,0,923,0,0,0,0,0,0,0,0,0,0,0,0,0,0,0,0,0,0,0,0
"881,422","T->G","SP_0929","V42G (GTC->GGC) ","RluA family pseudouridine synthase",0,0,0,0,0,0,0,0,0,546.1,0,0,0,0,0,0,0,0,0,0,0,0,0,0,0,0,0,0,0,0
"910,884","A->C","SP_0964","K290N (AAA->AAC) ","dihydroorotate dehydrogenase",0,0,0,0,0,0,0,0,0,915.7,0,0,0,0,0,0,0,0,0,0,0,0,0,0,0,0,0,0,0,0
"305,156","G->A","SP_0332","D22D (GAC->GAT) ","DUF3278 domain-containing protein",0,0,0,0,0,0,0,0,0,479.4,0,0,0,0,0,0,0,0,0,0,0,0,0,0,0,0,0,0,0,0
"694,779","G->C","SP_0729/spxB","intergenic (+124/-83)","heavy metal translocating P-type ATPase/pyruvate oxidase",0,0,0,0,0,0,0,0,0,537.4,0,0,0,0,0,0,0,0,0,0,0,0,0,0,0,0,0,0,0,0
"1,061,166","G->C","SP_1126SP_1127","*372Y (TAG->TAC) S148R (AGC->AGG) ","glycerate kinaseYueI family protein",0,0,0,0,0,0,0,0,0,507.3,0,0,0,0,0,0,0,0,0,0,0,0,0,0,0,0,0,0,0,0
"1,514,665","C->T","SP_RS12325","pseudogene (550/1272 nt)","IS3 family transposase",0,0,0,0,0,0,0,0,0,489,0,0,0,0,0,0,0,0,0,0,0,0,0,0,0,0,0,0,0,0
"1,643,887","G->T","SP_1739","A323D (GCT->GAT) ","ribonuclease Y",0,0,0,0,0,0,0,0,0,243.5,0,0,0,0,0,0,0,0,0,0,0,0,0,0,0,0,0,0,0,0
"1,816,535","T->G","rlmD","Y89S (TAT->TCT) ","23S rRNA (uracil(1939)-C(5))-methyltransferase RlmD",0,0,0,0,0,0,0,0,0,492.9,0,0,0,0,0,0,0,0,0,0,0,0,0,0,0,0,0,0,0,0
"1,819,603","A->G","SP_RS12420","pseudogene (647/1307 nt)","transposase",0,0,0,0,0,0,0,0,0,470.7,0,0,0,0,0,0,0,0,0,0,0,0,0,0,0,0,0,0,0,0
"764,434","C->T","ezrA/SP_RS11965","intergenic (+191/-690)","septation ring formation regulator EzrA/IS630-like element ISSpn2 family transposase",0,0,0,0,0,0,0,0,0,210,0,0,0,0,0,425.3,0,0,0,0,0,0,0,0,0,0,0,0,0,0
"768,608","A->G","SP_0816/SP_RS04000","intergenic (-108/+57)","DUF1827 family protein/NUDIX hydrolase",0,0,0,0,0,0,0,0,0,205.6,0,0,0,0,0,231.5,0,0,0,0,0,0,0,0,0,0,0,0,0,0
"2,014,021","C->G","SP_2103/SP_2105","intergenic (+36/-763)","methyltransferase domain-containing protein/hypothetical protein",0,0,0,0,0,0,0,0,0,248.2,0,0,0,0,0,493.3,218.9,0,0,0,0,0,0,0,0,0,0,0,0,0
"1,396,517","G->A","SP_RS07295","pseudogene (476/554 nt)","IS630 family transposase",0,0,0,0,0,0,0,0,0,205.2,697.6,250.3,0,0,0,456.6,0,0,0,0,0,0,0,0,0,0,0,0,0,0
"926,355","G->T","SP_0980","K7N (AAG->AAT) ","O-methyltransferase",0,0,0,0,0,0,0,0,0,322.5,0,0,0,0,0,0,0,0,0,0,0,0,0,0,0,0,0,0,0,0
"280,606","T->G","SP_RS01495","pseudogene (1480/1980 nt)","BglG family transcription antiterminator",0,0,0,0,0,0,0,0,0,0,1446.1,0,0,0,0,0,0,0,0,0,0,0,0,0,0,0,0,0,0,0
"355,571","G->A","SP_0376","R138H (CGC->CAC) ","response regulator transcription factor",0,0,0,0,0,0,0,0,0,0,406.4,0,0,0,0,0,0,0,0,0,0,0,0,0,0,0,0,0,0,0
"408,815","C->T","efp","A26T (GCT->ACT) ","elongation factor P",0,0,0,0,0,0,0,0,0,0,535,0,0,0,0,0,0,0,0,0,0,0,0,0,0,0,0,0,0,0
"576,713","C->T","SP_0610","A155T (GCT->ACT) ","amino acid ABC transporter ATP-binding protein",0,0,0,0,0,0,0,0,0,0,939.2,0,0,0,0,0,0,0,0,0,0,0,0,0,0,0,0,0,0,0
"716,661","G->T","ftsX/SP_0758","intergenic (+234/-52)","permease-like cell division protein FtsX/PTS transporter subunit IIBC",0,0,0,0,0,0,0,0,0,0,1330.4,0,0,0,0,0,0,0,0,0,0,0,0,0,0,0,0,0,0,0
"1,063,087","G->A","eno/SP_1129","intergenic (+10/+144)","phosphopyruvate hydratase/site-specific integrase",0,0,0,0,0,0,0,0,0,0,1329.2,0,0,0,0,0,0,0,0,0,0,0,0,0,0,0,0,0,0,0
"1,231,138","G->C","SP_1299","V61L (GTG->CTG) ","type B 50S ribosomal protein L31",0,0,0,0,0,0,0,0,0,0,889.3,0,0,0,0,0,0,0,0,0,0,0,0,0,0,0,0,0,0,0
"1,320,022","G->T","pstB","R141S (CGT->AGT) ","phosphate ABC transporter ATP-binding protein PstB",0,0,0,0,0,0,0,0,0,0,1381.4,0,0,0,0,0,0,0,0,0,0,0,0,0,0,0,0,0,0,0
"1,339,518","1 bp","SP_RS06955/SP_1419","intergenic (+169/+390)","IS1380-like element ISSpn5 family transposase/GNAT family N-acetyltransferase",0,0,0,0,0,0,0,0,0,0,859.4,0,0,0,0,0,0,0,0,0,0,0,0,0,0,0,0,0,0,0
"1,339,519","1 bp","SP_RS06955/SP_1419","intergenic (+170/+389)","IS1380-like element ISSpn5 family transposase/GNAT family N-acetyltransferase",0,0,0,0,0,0,0,0,0,0,859.4,0,0,0,0,0,0,0,0,0,0,0,0,0,0,0,0,0,0,0
"1,581,002","G->C","SP_1681","A11G (GCC->GGC) ","carbohydrate ABC transporter permease",0,0,0,0,0,0,0,0,0,0,906.4,0,0,0,0,0,0,0,0,0,0,0,0,0,0,0,0,0,0,0
"1,733,825","T->A","SP_1823","K142N (AAA->AAT) ","MgtC/SapB family protein",0,0,0,0,0,0,0,0,0,0,578.2,0,0,0,0,0,0,0,0,0,0,0,0,0,0,0,0,0,0,0
"1,945,864","C->T","SP_2040","G227S (GGC->AGC) ","protein jag",0,0,0,0,0,0,0,0,0,0,1446,0,0,0,0,0,0,0,0,0,0,0,0,0,0,0,0,0,0,0
"1,954,929","A->C","SP_2054","F30C (TTT->TGT) ","DUF1033 family protein",0,0,0,0,0,0,0,0,0,0,964.3,0,0,0,0,0,0,0,0,0,0,0,0,0,0,0,0,0,0,0
"308,456","C->T","pbp2X","T526I (ACC->ATC) ","penicillin-binding protein 2X",0,0,0,0,0,0,0,0,0,0,514,0,0,0,0,0,0,0,0,0,0,0,0,0,0,0,0,0,0,0
"395,188","T->A","SP_0415/SP_0416","intergenic (+58/-36)","enoyl-CoA hydratase/MarR family transcriptional regulator",0,0,0,0,0,0,0,0,0,0,1309.9,0,0,0,0,0,0,0,0,0,0,0,0,0,0,0,0,0,0,0
"1,382,059","G->A","SP_1469","T284I (ACA->ATA) ","FAD-dependent oxidoreductase",0,0,0,0,0,0,0,0,0,0,300.5,0,0,0,0,0,0,0,0,0,0,0,0,0,0,0,0,0,0,0
"1,386,236","T->A","SP_1472/SP_1473","intergenic (+182/+41)","NAD(P)H-dependent oxidoreductase/DUF896 family protein",0,0,0,0,0,0,0,0,0,0,296.2,0,0,0,0,0,0,0,0,0,0,0,0,0,0,0,0,0,0,0
"2,069,867","T->C","SP_RS12955/SP_2156","intergenic (+19/+99)","chlorohydrolase/SPFH domain-containing protein",0,0,0,0,0,0,0,0,0,0,216.2,0,0,0,0,0,0,0,0,0,0,0,0,0,0,0,0,0,0,0
"670,543","T->G","SP_0704","F113V (TTT->GTT) ","hypothetical protein",0,0,0,0,0,0,0,0,0,0,999,0,0,0,0,0,0,0,0,0,0,0,0,0,0,0,0,0,0,0
"723,062","C->T","metK/SP_0764","intergenic (+414/-139)","methionine adenosyltransferase/dihydroorotate oxidase",0,0,0,0,0,0,0,0,0,0,392.2,0,0,0,0,0,0,0,0,0,0,0,0,0,0,0,0,0,0,0
"1,643,562","G->T","SP_1739","S431R (AGC->AGA) ","ribonuclease Y",0,0,0,0,0,0,0,0,0,0,962.6,0,0,0,0,0,0,0,0,0,0,0,0,0,0,0,0,0,0,0
"1,976,079","T->C","SP_2296/SP_2068","intergenic (-22/+100)","tRNA-Glu/cytidine deaminase",0,0,0,0,0,0,0,0,0,0,653.5,0,0,0,0,0,0,0,0,0,0,0,0,0,0,0,0,0,0,0
"1,256,183","+TT","SP_1331/SP_1332","intergenic (-47/+352)","MurR/RpiR family transcriptional regulator/CPBP family intramembrane metalloprotease",0,0,0,0,0,0,0,0,0,0,400,0,0,0,0,0,0,0,0,0,0,0,0,0,0,0,0,0,0,0
"347,868","A->G","pbp1a","L382S (TTG->TCG) ","penicillin-binding protein PBP1A",0,0,0,0,0,0,0,0,0,0,326.2,0,0,0,0,0,0,0,0,0,0,0,0,0,0,0,0,0,0,0
"716,674","C->T","ftsX/SP_0758","intergenic (+247/-39)","permease-like cell division protein FtsX/PTS transporter subunit IIBC",0,0,0,0,0,0,0,0,0,0,390.9,0,0,0,0,0,0,722.9,0,0,0,0,0,0,0,0,0,0,0,0
"1,492,881","T->G","SP_1587/SP_1588","intergenic (-116/-77)","OFA family MFS transporter/FAD-containing oxidoreductase",0,0,0,0,0,0,0,0,0,0,428.5,0,0,0,0,0,0,679,0,0,0,0,0,0,0,0,0,0,0,0
"593,494","G->T","brnQ","K220N (AAG->AAT) ","branched-chain amino acid transport system II carrier protein",0,0,0,0,0,0,0,0,0,0,1225.1,0,0,0,0,0,0,0,0,0,0,0,0,0,0,0,0,0,0,0
"726,689","C->A","rlmN","H6N (CAT->AAT) ","23S rRNA (adenine(2503)-C(2))-methyltransferase RlmN",0,0,0,0,0,0,0,0,0,0,1157,0,0,0,0,0,0,0,0,0,0,0,0,0,0,0,0,0,0,0
"976,736","G->T","SP_1035","G101V (GGT->GTT) ","ABC transporter ATP-binding protein",0,0,0,0,0,0,0,0,0,0,1213.9,0,0,0,0,0,0,0,0,0,0,0,0,0,0,0,0,0,0,0
"1,207,973","G->C","SP_1274/carB","intergenic (+109/+166)","phosphorylcholine transferase LicD/carbamoyl-phosphate synthase large subunit",0,0,0,0,0,0,0,0,0,0,207.5,0,424.7,723.1,258.1,0,0,0,0,0,0,0,0,0,0,0,0,0,0,0
"2,091,984","A->T","dltB","I402N (ATC->AAC) ","D-alanyl-lipoteichoic acid biosynthesis protein DltB",0,0,0,0,0,0,0,0,0,0,1192.6,0,0,0,0,0,0,0,0,0,0,0,0,0,0,0,0,0,0,0
"1,846,337","G->C","SP_1942","R219G (CGT->GGT) ","LCP family protein",0,0,0,0,0,0,0,0,0,0,1018.6,0,0,0,0,0,0,0,0,0,0,0,0,0,0,0,0,0,0,0
"1,875,875","+T","SP_1967coaD","coding (12/1038 nt)coding (484/489 nt)","PDZ domain-containing proteinpantetheine-phosphate adenylyltransferase",0,0,0,0,0,0,0,0,0,0,1100,0,0,0,0,0,0,0,0,0,0,0,0,0,0,0,0,0,0,0
"1,906,264","C->T","SP_2003","C269Y (TGT->TAT) ","ABC transporter ATP-binding protein",0,0,0,0,0,0,0,0,0,0,312.4,0,0,0,0,0,0,0,0,0,0,0,0,0,0,0,0,0,0,0
"346,589","C->A","SP_0368","P1736Q (CCA->CAA) ","YSIRK-type signal peptide-containing protein",0,0,0,0,0,0,0,0,0,0,0,3269.8,0,0,0,0,0,0,0,0,0,0,0,0,0,0,0,0,0,0
"1,945,855","C->A","SP_2040","G230C (GGT->TGT) ","protein jag",0,0,0,0,0,0,0,0,0,0,0,3244.8,0,0,0,0,0,0,0,0,0,0,0,0,0,0,0,0,0,0
"2,025,376","C->G","SP_2112","P16A (CCT->GCT) ","LacI family DNA-binding transcriptional regulator",0,0,0,0,0,0,0,0,0,0,0,2607.2,0,0,0,0,0,0,0,0,0,0,0,0,0,0,0,0,0,0
"1,738,098","C->T","SP_1826","T13T (ACG->ACA) ","extracellular solute-binding protein",0,0,0,0,0,0,0,0,0,0,0,1904.9,0,0,0,0,0,0,0,0,0,0,0,0,0,0,0,0,0,0
"2,154,810","A->C","SP_2233/SP_2234","intergenic (-109/-70)","YhgE/Pip domain-containing protein/TetR/AcrR family transcriptional regulator",0,0,0,0,0,0,0,0,0,0,0,2619.6,0,0,0,0,0,0,0,0,0,0,0,0,0,0,0,0,0,0
"1,987,950","+T","argR","coding (38/447 nt)","arginine repressor",0,0,0,0,0,0,0,0,0,0,0,2700,0,0,0,0,0,0,0,0,0,0,0,0,0,0,0,0,0,0
"186,058","G->C","cls","G280R (GGT->CGT) ","cardiolipin synthase",0,0,0,0,0,0,0,0,0,0,0,577.9,0,0,0,0,0,0,0,0,0,0,0,0,0,0,0,0,0,0
"228,493","A->G","SP_0256","G113G (GGA->GGG) ","GNAT family N-acetyltransferase",0,0,0,0,0,0,0,0,0,0,0,542,0,0,0,0,0,0,0,0,0,0,0,0,0,0,0,0,0,0
"1,104,522","G->T","SP_1168","L103I (CTA->ATA) ","8-oxo-dGTP diphosphatase",0,0,0,0,0,0,0,0,0,0,0,561.7,0,0,0,0,0,0,0,0,0,0,0,0,0,0,0,0,0,0
"971,695","G->A","rlmD","G424E (GGA->GAA) ","23S rRNA (uracil(1939)-C(5))-methyltransferase RlmD",0,0,0,0,0,0,0,0,0,0,0,1811.4,0,0,0,0,0,0,0,0,0,0,0,0,0,0,0,0,0,0
"1,884,581","C->T","SP_1980","E206E (GAG->GAA) ","3'-5' exoribonuclease YhaM family protein",0,0,0,0,0,0,0,0,0,0,0,1829.3,0,0,0,0,0,0,0,0,0,0,0,0,0,0,0,0,0,0
"1,948,514","G->C","SP_2044","A186G (GCA->GGA) ","acetate kinase",0,0,0,0,0,0,0,0,0,0,0,1806.2,0,0,0,0,0,0,0,0,0,0,0,0,0,0,0,0,0,0
"846,759","T->G","SP_0894/SP_0895","intergenic (-18/-329)","Xaa-Pro dipeptidyl-peptidase/DNA polymerase III subunit alpha",0,0,0,0,0,0,0,0,0,0,0,1399.2,0,0,0,0,0,0,0,0,0,0,0,0,0,0,0,0,0,0
"401,127","C->G","SP_0423","P61A (CCT->GCT) ","acetyl-CoA carboxylase biotin carboxyl carrier protein",0,0,0,0,0,0,0,0,0,0,0,1249.6,0,0,0,0,0,0,0,0,0,0,0,0,0,0,0,0,0,0
"696,533","G->T","spxB","E558* (GAA->TAA) ","pyruvate oxidase",0,0,0,0,0,0,0,0,0,0,0,754.5,0,0,0,0,0,0,0,0,0,0,0,0,0,0,0,0,0,0
"1,488,447","G->A","SP_1583","Q90* (CAA->TAA) ","cysteine hydrolase",0,0,0,0,0,0,0,0,0,0,0,977.7,0,0,0,0,0,0,0,0,0,0,0,0,0,0,0,0,0,0
"1,694,659","C->G","trxA","V49V (GTC->GTG) ","thioredoxin",0,0,0,0,0,0,0,0,0,0,0,1171,0,0,0,0,0,0,0,0,0,0,0,0,0,0,0,0,0,0
"2,122,454","A->G","cbpD","I118T (ATT->ACT) ","choline binding-anchored murein hydrolase CbpD",0,0,0,0,0,0,0,0,0,0,0,1304.5,0,0,0,0,0,0,0,0,0,0,0,0,0,0,0,0,0,0
"1,644,740","G->A","SP_1739","L39F (CTT->TTT) ","ribonuclease Y",0,0,0,0,0,0,0,0,0,0,0,315.1,0,0,0,0,0,0,0,0,0,0,0,0,0,0,0,0,0,0
"481,948","C->T","SP_0499","N117N (AAC->AAT) ","phosphoglycerate kinase",0,0,0,0,0,0,0,0,0,0,0,618.5,0,0,0,0,0,0,0,0,0,0,0,0,0,0,0,0,0,0
"622,049","G->A","SP_0648","G2203D (GGT->GAT) ","Ig-like domain-containing protein",0,0,0,0,0,0,0,0,0,0,0,477.7,0,0,0,0,0,0,0,0,0,0,0,0,0,0,0,0,0,0
"1,161,148","C->A","mutY","A81A (GCG->GCT) ","A/G-specific adenine glycosylase",0,0,0,0,0,0,0,0,0,0,0,455.7,0,0,0,0,0,0,0,0,0,0,0,0,0,0,0,0,0,0
"347,324","A->T","pbp1a","Y563* (TAT->TAA) ","penicillin-binding protein PBP1A",0,0,0,0,0,0,0,0,0,0,0,949.9,0,0,0,0,0,0,0,0,0,0,0,0,0,0,0,0,0,0
"348,391","C->T","pbp1a","G208R (GGA->AGA) ","penicillin-binding protein PBP1A",0,0,0,0,0,0,0,0,0,0,0,237.2,0,0,0,0,0,0,0,0,0,0,0,0,0,0,0,0,0,0
"564,652","C->T","SP_0595","S40F (TCT->TTT) ","hypothetical protein",0,0,0,0,0,0,0,0,0,0,0,971.4,0,0,0,0,0,0,0,0,0,0,0,0,0,0,0,0,0,0
"709,877","C->T","SP_0750","R184C (CGT->TGT) ","branched-chain amino acid ABC transporter permease",0,0,0,0,0,0,0,0,0,0,0,755.6,0,0,0,0,0,0,0,0,0,0,0,0,0,0,0,0,0,0
"819,596","G->T","pbp3","I196I (ATC->ATA) ","D-alanyl-D-alanine carboxypeptidase PBP3",0,0,0,0,0,0,0,0,0,0,0,1005.8,0,0,0,0,0,0,0,0,0,0,0,0,0,0,0,0,0,0
"1,820,212","C->A","SP_RS12420","pseudogene (1256/1307 nt)","transposase",0,0,0,0,0,0,0,0,0,0,0,840.7,0,0,0,0,0,0,0,0,0,0,0,0,0,0,0,0,0,0
"36,808","C->T","SP_0035","T214I (ACA->ATA) ","pyridoxal phosphate-dependent aminotransferase",0,0,0,0,0,0,0,0,0,0,0,260.3,0,0,0,0,0,0,0,0,0,0,0,0,0,0,0,0,0,0
"1,164,541","G->C","coaC","G75R (GGA->CGA) ","phosphopantothenoylcysteine decarboxylase",0,0,0,0,0,0,0,0,0,0,0,241.9,0,0,0,0,0,0,0,0,0,0,0,0,0,0,0,0,0,0
"1,644,631","G->C","SP_1739","A75G (GCA->GGA) ","ribonuclease Y",0,0,0,0,0,0,0,0,0,0,0,0,1540.9,0,0,0,0,0,0,0,0,0,0,0,0,0,0,0,0,0
"1,488,655","1 bp","SP_1583","coding (60/576 nt)","cysteine hydrolase",0,0,0,0,0,0,0,0,0,0,0,0,1400,0,0,0,0,0,0,0,0,0,0,0,0,0,0,0,0,0
"322,751","A->G","cpsC","E163G (GAG->GGG) ","capsular polysaccharide biosynthesis protein CpsC",0,0,0,0,0,0,0,0,0,0,0,0,400,0,0,0,0,0,0,0,0,0,0,0,0,0,0,0,0,0
"1,019,338","G->T","spxR","A101S (GCC->TCC) ","CBS-HotDog domain-containing transcription factor SpxR",0,0,0,0,0,0,0,0,0,0,0,0,314,0,0,0,0,0,0,0,0,0,0,0,0,0,0,0,0,0
"1,488,644","10 bp","SP_1583","coding (62-71/576 nt)","cysteine hydrolase",0,0,0,0,0,0,0,0,0,0,0,0,1583.1,0,513.1,0,0,0,0,0,0,0,0,0,0,0,0,0,0,0
"881,197","C->T","SP_0928","F117F (TTC->TTT) ","signal peptidase II",0,0,0,0,0,0,0,0,0,0,0,0,463.8,0,0,0,0,0,0,0,0,0,0,0,0,0,0,0,0,0
"976,831","G->C","SP_1035","A133P (GCA->CCA) ","ABC transporter ATP-binding protein",0,0,0,0,0,0,0,0,0,0,0,0,489.4,0,0,0,0,0,0,0,0,0,0,0,0,0,0,0,0,0
"131,016","G->T","SP_RS00665","pseudogene (748/1301 nt)","ISL3 family transposase",0,0,0,0,0,0,0,0,0,0,0,0,450.3,0,0,0,0,0,0,0,0,0,0,0,0,0,0,0,0,0
"323,617","T->C","cps4D","Y218H (TAC->CAC) ","capsular polysaccharide biosynthesis protein Cps4D",0,0,0,0,0,0,0,0,0,0,0,0,424.7,0,0,0,0,0,0,0,0,0,0,0,0,0,0,0,0,0
"2,048,722","C->A","pcpA/SP_RS10905","intergenic (-201/-134)","choline-binding protein PcpA/ATP-binding protein",0,0,0,0,0,0,0,0,0,0,0,0,329.6,0,0,0,0,0,0,0,0,0,0,0,0,0,0,0,0,0
"2,048,725","T->G","pcpA/SP_RS10905","intergenic (-204/-131)","choline-binding protein PcpA/ATP-binding protein",0,0,0,0,0,0,0,0,0,0,0,0,319.7,0,0,0,0,0,0,0,0,0,0,0,0,0,0,0,0,0
"323,629","G->C","cps4D","G222R (GGA->CGA) ","capsular polysaccharide biosynthesis protein Cps4D",0,0,0,0,0,0,0,0,0,0,0,0,716.8,0,772,0,0,0,0,0,0,0,0,0,0,0,0,0,0,0
"1,133,828","C->T","lepA","G194S (GGT->AGT) ","translation elongation factor 4",0,0,0,0,0,0,0,0,0,0,0,0,745.4,0,750.9,0,0,0,0,0,0,0,0,0,0,0,0,0,0,0
"1,644,677","G->C","SP_1739","L60V (CTT->GTT) ","ribonuclease Y",0,0,0,0,0,0,0,0,0,0,0,0,794.9,0,0,0,0,0,0,0,0,0,0,0,0,0,0,0,0,0
"1,488,704","G->T","SP_1583","A4D (GCT->GAT) ","cysteine hydrolase",0,0,0,0,0,0,0,0,0,0,0,0,587.2,0,720.6,0,0,0,0,0,0,0,0,0,0,0,0,0,0,0
"1,488,690","C->A","SP_1583","D9Y (GAT->TAT) ","cysteine hydrolase",0,0,0,0,0,0,0,0,0,0,0,0,584.8,0,0,0,0,0,0,0,0,0,0,0,521.1,0,147.6,0,0,0
"153,481","G->A","SP_0155","V520V (GTG->GTA) ","sensor histidine kinase",0,0,0,0,0,0,0,0,0,0,0,0,382.7,0,0,0,0,0,0,0,0,0,0,0,0,0,0,0,0,0
"725,418","C->T","SP_0766","D13D (GAC->GAT) ","superoxide dismutase SodA",0,0,0,0,0,0,0,0,0,0,0,0,381.5,0,0,0,0,0,0,0,0,0,0,0,0,0,0,0,0,0
"1,288,759","A->C","SP_1365","L71V (TTG->GTG) ","glycosyltransferase",0,0,0,0,0,0,0,0,0,0,0,0,372.7,0,0,0,0,0,0,0,0,0,0,0,0,0,0,0,0,0
"1,789,377","C->A","treR","H182N (CAC->AAC) ","trehalose operon repressor",0,0,0,0,0,0,0,0,0,0,0,0,0,451.2,0,0,0,0,0,0,125.8,0,0,102.5,0,0,1572.4,0,126.9,0
"248,000","C->T","rpsG","R155C (CGT->TGT) ","30S ribosomal protein S7",0,0,0,0,0,0,0,0,0,0,0,0,0,348.7,0,0,0,0,0,0,0,0,0,0,0,0,0,0,0,0
"488,122","T->C","psrA","T244T (ACT->ACC) ","tyrosine-type DNA invertase PsrA",0,0,0,0,0,0,0,0,0,0,0,0,0,387.5,0,0,0,0,0,0,0,0,0,0,0,0,1609.3,0,0,0
"575,014","C->A","SP_0608","G196V (GGT->GTT) ","amino acid ABC transporter permease",0,0,0,0,0,0,0,0,0,0,0,0,0,418.6,0,0,0,0,0,0,0,0,0,0,0,0,0,0,0,0
"1,019,108","G->T","spxR","S24I (AGC->ATC) ","CBS-HotDog domain-containing transcription factor SpxR",0,0,0,0,0,0,0,0,0,0,0,0,0,349.4,200.8,0,0,0,0,0,0,0,0,0,0,0,0,0,0,0
"1,643,393","G->C","SP_1739","R488G (CGT->GGT) ","ribonuclease Y",0,0,0,0,0,0,0,0,0,0,0,0,0,445.4,0,0,0,0,0,0,0,0,0,0,0,0,0,0,0,0
"2,091,990","+ATGACAAC","dltB","coding (1199/1245 nt)","D-alanyl-lipoteichoic acid biosynthesis protein DltB",0,0,0,0,0,0,0,0,0,0,0,0,0,214.3,0,0,0,0,0,0,0,0,0,0,0,0,0,0,0,0
"768,376","14 bp","SP_0816","coding (112-125/300 nt)","DUF1827 family protein",0,0,0,0,0,0,0,0,0,0,0,0,0,845.4,0,0,0,0,0,0,0,0,0,0,0,0,0,0,0,0
"1,478,646","C->A","SP_1572/lytC","intergenic (-75/+421)","DNA starvation/stationary phase protection protein/choline binding-anchored murein hydrolase LytC",0,0,0,0,0,0,0,0,0,0,0,0,0,1420.2,0,0,0,0,0,0,0,0,0,0,0,0,0,0,0,0
"357,747","C->T","cbpJ","T254I (ACA->ATA) ","choline-binding protein CbpJ",0,0,0,0,0,0,0,0,0,0,0,0,0,366.6,0,0,0,0,0,0,0,0,0,0,0,0,0,0,0,0
"1,644,719","C->G","SP_1739","A46P (GCA->CCA) ","ribonuclease Y",0,0,0,0,0,0,0,0,0,0,0,0,0,1883.7,0,0,0,0,0,0,0,0,0,0,0,0,0,0,0,0
"1,644,625","A->G","SP_1739","L77S (TTG->TCG) ","ribonuclease Y",0,0,0,0,0,0,0,0,0,0,0,0,0,561,0,0,0,0,0,0,0,0,0,0,0,0,0,0,0,0
"1,863,893","G->A","rpoC","D810D (GAC->GAT) ","DNA-directed RNA polymerase subunit beta'",0,0,0,0,0,0,0,0,0,0,0,0,0,381.1,0,0,0,0,0,0,0,0,0,0,0,0,0,0,0,0
"355,724","A->G","SP_0376","E189G (GAA->GGA) ","response regulator transcription factor",0,0,0,0,0,0,0,0,0,0,0,0,0,290.4,0,0,0,0,0,0,0,0,0,0,0,0,0,0,0,0
"1,643,377","G->A","SP_1739","P493L (CCA->CTA) ","ribonuclease Y",0,0,0,0,0,0,0,0,0,0,0,0,0,245.1,0,0,0,0,0,0,0,0,0,0,0,0,0,0,0,0
"1,389,028","G->A","glyQ","D238D (GAC->GAT) ","glycine--tRNA ligase subunit alpha",0,0,0,0,0,0,0,0,0,0,0,0,0,219.4,0,0,0,0,0,0,0,0,0,0,0,0,0,0,0,0
"1,652,621","A->C","SP_1751","F119C (TTT->TGT) ","magnesium transporter CorA family protein",0,0,0,0,0,0,0,0,0,0,0,0,0,259.7,0,0,0,0,0,0,0,0,0,0,0,0,0,0,0,0
"1,218,873","T->C","SP_1284","K174E (AAG->GAG) ","LemA family protein",0,0,0,0,0,0,0,0,0,0,0,0,0,584.7,0,0,0,0,0,0,0,0,0,0,0,0,0,0,0,0
"1,652,702","A->C","SP_1751","I92S (ATT->AGT) ","magnesium transporter CorA family protein",0,0,0,0,0,0,0,0,0,0,0,0,0,545.4,0,0,0,0,0,0,0,0,0,0,0,0,0,0,0,0
"1,754,692","T->C","SP_RS09160/SP_1847","intergenic (+284/-585)","galactose-1-phosphate uridylyltransferase/xanthine phosphoribosyltransferase",0,0,0,0,0,0,0,0,0,0,0,0,0,0,1400,0,0,0,0,0,0,0,0,0,0,0,0,0,0,0
"460,007","12 bp","SP_0479","coding (570-581/1440 nt)","TrkH family potassium uptake protein",0,0,0,0,0,0,0,0,0,0,0,0,0,0,869.3,0,0,0,0,0,0,0,0,0,0,0,0,0,0,0
"621,269","A->C","SP_0648","N1943T (AAT->ACT) ","Ig-like domain-containing protein",0,0,0,0,0,0,0,0,0,0,0,0,0,0,820.8,0,0,0,0,0,0,0,0,0,0,0,0,0,0,0
"724,017","C->T","SP_0764","L273F (CTT->TTT) ","dihydroorotate oxidase",0,0,0,0,0,0,0,0,0,0,0,0,0,0,1678,0,0,0,0,0,0,0,0,0,0,0,0,0,0,0
"1,156,825","C->A","SP_1223","R48L (CGC->CTC) ","type II toxin-antitoxin system RelE/ParE family toxin",0,0,0,0,0,0,0,0,0,0,0,0,0,0,1721.1,0,0,0,0,0,0,0,0,0,0,0,0,0,0,0
"1,488,284","G->T","SP_1583","A144D (GCC->GAC) ","cysteine hydrolase",0,0,0,0,0,0,0,0,0,0,0,0,0,0,1705.9,0,0,0,0,0,0,0,0,0,0,0,0,0,0,0
"1,799,320","A->C","SP_1893","F47C (TTT->TGT) ","O-antigen ligase family protein",0,0,0,0,0,0,0,0,0,0,0,0,0,0,2449.1,0,0,0,0,0,0,0,0,0,0,0,0,0,0,0
"694,863","T->C","spxB","M1T (ATG->ACG) +","pyruvate oxidase",0,0,0,0,0,0,0,0,0,0,0,0,0,0,693.5,0,0,0,0,0,0,0,0,0,0,0,0,0,0,0
"261,561","C->T","SP_0283","A33T (GCC->ACC) ","PTS mannose/fructose/sorbose transporter subunit IIC",0,0,0,0,0,0,0,0,0,0,0,0,0,0,276.8,0,0,0,0,0,0,0,0,0,0,0,0,0,0,0
"402,579","G->T","accC","L239F (TTG->TTT) ","acetyl-CoA carboxylase biotin carboxylase subunit",0,0,0,0,0,0,0,0,0,0,0,0,0,0,562.8,0,0,0,0,0,0,0,0,0,0,0,0,0,0,0
"774,655","C->A","SP_0824/SP_0825","intergenic (+73/-106)","amino acid ABC transporter ATP-binding protein/bifunctional methylenetetrahydrofolate dehydrogenase/methenyltetrahydrofolate cyclohydrolase",0,0,0,0,0,0,0,0,0,0,0,0,0,0,286.3,0,0,0,0,0,0,0,0,0,0,0,0,0,0,0
"1,514,162","G->T","SP_RS12325","pseudogene (1053/1272 nt)","IS3 family transposase",0,0,0,0,0,0,0,0,0,0,0,0,0,0,538.9,0,0,0,0,0,0,0,0,0,0,0,0,0,0,0
"1,838,587","A->G","SP_1933/SP_1934","intergenic (-261/+147)","hypothetical protein/hypothetical protein",0,0,0,0,0,0,0,0,0,0,0,0,0,0,257.9,0,0,0,0,0,0,0,0,0,0,0,0,0,0,0
"1,656,202","A->C","SP_1754/SP_RS12885","intergenic (+240/+41)","aromatic acid exporter family protein/UDP-galactopyranose mutase",0,0,0,0,0,0,0,0,0,0,0,0,0,0,269.1,0,0,0,0,0,0,0,0,0,0,0,0,0,0,0
"1,674,303","1 bp","SP_RS08765","coding (254/279 nt)","glycosyltransferase family 2 protein",0,0,0,0,0,0,0,0,0,0,0,0,0,0,2100,600,1100,2200,0,0,0,0,0,0,0,0,0,0,0,0
"2,048,117","1 bp","pcpA","coding (405/1866 nt)","choline-binding protein PcpA",0,0,0,0,0,0,0,0,0,0,0,0,0,0,2200,0,1100,2200,0,0,0,0,0,0,0,0,0,0,0,0
"1,488,201","G->C","SP_1583","H172D (CAT->GAT) ","cysteine hydrolase",0,0,0,0,0,0,0,0,0,0,0,0,0,0,2034.4,0,1062,2165.2,0,0,0,0,0,0,0,0,0,0,0,0
"696,227","C->T","spxB","Q456* (CAA->TAA) ","pyruvate oxidase",0,0,0,0,0,0,0,0,0,0,0,0,0,0,684.6,0,1051.8,2171.9,0,0,0,0,0,0,0,0,0,0,0,0
"867,504","C->A","SP_0914","S213I (AGC->ATC) ","VIT family protein",0,0,0,0,0,0,0,0,0,0,0,0,0,0,701.3,0,1024.4,1061.6,0,0,0,0,0,0,0,0,0,0,0,0
"363,232","G->T","SP_0383","A39S (GCT->TCT) ","phosphomevalonate kinase",0,0,0,0,0,0,0,0,0,0,0,0,0,0,0,3908.7,0,687.4,0,0,0,1555.4,0,0,0,0,0,0,0,172.9
"98,231","C->T","SP_0096","S34L (TCA->TTA) ","DUF4299 family protein",0,0,0,0,0,0,0,0,0,0,0,0,0,0,0,3286.8,0,669.6,0,0,0,0,0,0,0,0,0,0,0,0
"323,612","G->T","cps4D","G216V (GGA->GTA) ","capsular polysaccharide biosynthesis protein Cps4D",0,0,0,0,0,0,0,0,0,0,0,0,0,0,0,3741.6,0,671.8,0,0,0,1562.5,0,0,0,0,0,0,0,188.8
"461,042","C->T","trkA","G300E (GGA->GAA) ","Trk system potassium transporter TrkA",0,0,0,0,0,0,0,0,0,0,0,0,0,0,0,3313.6,0,692.2,0,0,0,0,0,0,0,0,0,0,0,0
"1,488,326","C->G","SP_1583","G130A (GGT->GCT) ","cysteine hydrolase",0,0,0,0,0,0,0,0,0,0,0,0,0,0,0,3313.4,0,686.9,0,0,0,0,0,0,0,0,0,0,0,0
"524,591","G->A","infB","G490S (GGT->AGT) ","translation initiation factor IF-2",0,0,0,0,0,0,0,0,0,0,0,0,0,0,0,629.9,0,0,0,0,0,0,0,0,0,0,0,0,0,0
"581,302","C->T","SP_0613","T485M (ACG->ATG) ","ribonuclease J",0,0,0,0,0,0,0,0,0,0,0,0,0,0,0,602.5,0,0,0,0,0,0,0,0,0,0,0,0,0,0
"1,304,448","G->A","SP_1381","P53S (CCC->TCC) ","ABC transporter ATP-binding protein",0,0,0,0,0,0,0,0,0,0,0,0,0,0,0,602.8,0,0,0,0,0,0,0,0,0,0,0,0,0,0
"680,782","C->T","lctO","S118F (TCT->TTT) ","L-lactate oxidase",0,0,0,0,0,0,0,0,0,0,0,0,0,0,0,600,0,0,0,0,0,0,0,0,0,0,0,0,0,0
"1,600,770","G->T","SP_1695/SP_RS08385","intergenic (-332/+6)","acetylxylan esterase/hypothetical protein",0,0,0,0,0,0,0,0,0,0,0,0,0,0,0,617.3,0,0,0,0,0,0,0,0,0,0,0,0,0,0
"94,952","A->G","SP_RS00470","V43A (GTT->GCT) ","hypothetical protein",0,0,0,0,0,0,0,0,0,0,0,0,0,0,0,221.5,0,0,0,0,0,0,0,0,0,0,0,0,0,0
"94,954","G->T","SP_RS00470","D42E (GAC->GAA) ","hypothetical protein",0,0,0,0,0,0,0,0,0,0,0,0,0,0,0,211.4,0,0,0,0,0,0,0,0,0,0,0,0,0,0
"1,503,324","G->A","truA/SP_1600","intergenic (-139/+179)","tRNA pseudouridine(38-40) synthase TruA/MFS transporter",0,0,0,0,0,0,0,0,0,0,0,0,0,0,0,456.5,0,0,0,0,0,0,0,0,0,0,0,0,0,0
"515,718","C->T","blpN/blpO","intergenic (+153/-91)","two-peptide bacteriocin subunit BlpN/bacteriocin-like peptide BlpO",0,0,0,0,0,0,0,0,0,0,0,0,0,0,0,623,0,0,0,0,0,0,0,0,0,0,0,0,0,0
"804,417","G->A","SP_0857","G13R (GGA->AGA) ","hypothetical protein",0,0,0,0,0,0,0,0,0,0,0,0,0,0,0,637.4,0,0,0,0,0,0,0,0,0,0,0,0,0,0
"1,019,347","G->T","spxR","E104* (GAA->TAA) ","CBS-HotDog domain-containing transcription factor SpxR",0,0,0,0,0,0,0,0,0,0,0,0,0,0,0,629.3,0,0,0,0,0,0,0,0,0,0,0,0,0,0
"1,430,680","G->T","SP_1523","R831S (CGT->AGT) ","DEAD/DEAH box helicase",0,0,0,0,0,0,0,0,0,0,0,0,0,0,0,631.2,0,0,0,0,0,0,0,0,0,0,0,0,0,0
"322,738","G->A","cpsC","V159M (GTG->ATG) ","capsular polysaccharide biosynthesis protein CpsC",0,0,0,0,0,0,0,0,0,0,0,0,0,0,0,2033.5,0,0,0,0,0,0,0,0,0,0,0,0,0,0
"1,188,268","C->T","SP_RS06140/SP_1254","intergenic (-12/+249)","hypothetical protein/hypothetical protein",0,0,0,0,0,0,0,0,0,0,0,0,0,0,0,2064.3,0,0,0,0,0,0,0,0,0,0,0,0,0,0
"1,402,954","C->T","SP_1492","G68S (GGT->AGT) ","LPXTG cell wall anchor domain-containing protein",0,0,0,0,0,0,0,0,0,0,0,0,0,0,0,1256.5,0,0,0,0,0,0,0,0,0,0,0,0,0,0
"1,644,719","C->A","SP_1739","A46S (GCA->TCA) ","ribonuclease Y",0,0,0,0,0,0,0,0,0,0,0,0,0,0,0,1234.2,0,0,0,0,0,0,0,0,0,0,0,0,0,0
"2,097,334","T->A","SP_RS11120","pseudogene (754/837 nt)","MFS transporter",0,0,0,0,0,0,0,0,0,0,0,0,0,0,0,1269,0,0,0,0,0,0,0,0,0,0,0,0,0,0
"728,144","G->A","SP_0769","R129H (CGC->CAC) ","VanZ family protein",0,0,0,0,0,0,0,0,0,0,0,0,0,0,0,267.7,0,0,0,0,0,0,0,0,0,0,0,0,0,0
"902,020","C->A","SP_0954","I13I (ATC->ATA) ","helix-hairpin-helix domain-containing protein",0,0,0,0,0,0,0,0,0,0,0,0,0,0,0,571.9,0,0,0,0,0,0,0,0,0,0,0,0,0,0
"1,488,230","C->T","SP_1583","W162* (TGG->TAG) ","cysteine hydrolase",0,0,0,0,0,0,0,0,0,0,0,0,0,0,0,572.7,0,0,0,0,0,0,0,0,0,0,0,0,0,0
"1,488,600","G->A","SP_1583","R39* (CGA->TGA) ","cysteine hydrolase",0,0,0,0,0,0,0,0,0,0,0,0,0,0,0,246.6,0,0,0,0,0,0,0,0,0,0,0,0,0,0
"355,312","T->G","SP_0376","L52V (TTG->GTG) ","response regulator transcription factor",0,0,0,0,0,0,0,0,0,0,0,0,0,0,0,0,237.2,0,0,0,0,0,0,0,0,0,0,0,0,0
"152,808","G->A","SP_0155","G296E (GGG->GAG) ","sensor histidine kinase",0,0,0,0,0,0,0,0,0,0,0,0,0,0,0,0,597,0,0,0,0,0,0,0,0,0,0,0,0,0
"1,357,706","G->T","SP_1438","E187* (GAG->TAG) ","ABC transporter ATP-binding protein",0,0,0,0,0,0,0,0,0,0,0,0,0,0,0,0,340.1,0,0,0,0,0,0,0,0,0,0,0,0,0
"1,643,516","G->A","SP_1739","R447C (CGT->TGT) ","ribonuclease Y",0,0,0,0,0,0,0,0,0,0,0,0,0,0,0,0,1438.7,0,0,0,0,0,0,0,0,0,0,0,0,0
"681,468","G->A","lctO","G347R (GGA->AGA) ","L-lactate oxidase",0,0,0,0,0,0,0,0,0,0,0,0,0,0,0,0,442.1,0,0,0,0,0,0,0,0,0,0,0,0,0
"2,090,559","C->T","dltD","W380* (TGG->TGA) ","D-alanyl-lipoteichoic acid biosynthesis protein DltD",0,0,0,0,0,0,0,0,0,0,0,0,0,0,0,0,417.4,0,0,0,0,0,0,0,0,0,0,0,0,0
"322,713","T->G","cpsC","I150M (ATT->ATG) ","capsular polysaccharide biosynthesis protein CpsC",0,0,0,0,0,0,0,0,0,0,0,0,0,0,0,0,393.3,0,0,0,0,0,0,0,0,0,0,0,0,0
"1,643,354","C->A","SP_1739","V501F (GTC->TTC) ","ribonuclease Y",0,0,0,0,0,0,0,0,0,0,0,0,0,0,0,0,910.6,0,0,0,0,0,0,0,0,0,0,0,0,0
"680,502","C->T","lctO","Q25* (CAA->TAA) ","L-lactate oxidase",0,0,0,0,0,0,0,0,0,0,0,0,0,0,0,0,511.3,0,0,0,0,0,0,0,0,0,0,0,0,0
"1,816,801","A->C","rlmD/recX","intergenic (-1/-37)","23S rRNA (uracil(1939)-C(5))-methyltransferase RlmD/recombination regulator RecX",0,0,0,0,0,0,0,0,0,0,0,0,0,0,0,0,315.9,0,0,0,0,0,0,0,0,0,0,0,0,0
"1,692,821","+A","SP_1772/SP_1773","intergenic (-111/+137)","accessory Sec-dependent serine-rich glycoprotein adhesin/IS630 transposase-related protein",0,0,0,0,0,0,0,0,0,0,0,0,0,0,0,0,0,800,0,0,0,0,0,0,0,0,0,0,0,0
"703,797","T->G","SP_0741","K41T (AAA->ACA) ","NAD(P)/FAD-dependent oxidoreductase",0,0,0,0,0,0,0,0,0,0,0,0,0,0,0,0,0,1627.9,0,0,0,0,0,0,0,0,0,0,0,0
"1,391,281","G->T","SP_1478","P236Q (CCA->CAA) ","aldo/keto reductase",0,0,0,0,0,0,0,0,0,0,0,0,0,0,0,0,0,202.2,0,0,0,0,0,0,0,0,0,0,0,0
"513,525","A->C","SP_0535","E52D (GAA->GAC) ","hypothetical protein",0,0,0,0,0,0,0,0,0,0,0,0,0,0,0,0,0,251.4,0,0,0,0,0,0,0,0,0,0,0,0
"1,311,681","A->C","SP_1387","L127V (TTG->GTG) ","ABC transporter permease",0,0,0,0,0,0,0,0,0,0,0,0,0,0,0,0,0,697,0,0,0,0,0,0,0,0,0,0,0,0
"1,495,498","A->C","SP_1589","N376H (AAC->CAC) ","Mur ligase family protein",0,0,0,0,0,0,0,0,0,0,0,0,0,0,0,0,0,701.5,0,0,0,0,0,0,0,0,0,0,0,0
"118,945","15 bp","pspA","coding (523-537/2235 nt)","pneumococcal surface protein A",0,0,0,0,0,0,0,0,0,0,0,0,0,0,0,0,0,662.1,0,0,0,0,0,0,0,0,0,0,0,0
"694,784","G->T","SP_0729/spxB","intergenic (+129/-78)","heavy metal translocating P-type ATPase/pyruvate oxidase",0,0,0,0,0,0,0,0,0,0,0,0,0,0,0,0,0,678.1,0,0,0,0,0,0,0,0,0,0,0,0
"1,121,447","C->G","lacG","G377R (GGT->CGT) ","6-phospho-beta-galactosidase",0,0,0,0,0,0,0,0,0,0,0,0,0,0,0,0,0,681.5,0,0,0,0,0,0,0,0,0,0,0,0
"1,644,813","G->A","SP_1739","I14I (ATC->ATT) ","ribonuclease Y",0,0,0,0,0,0,0,0,0,0,0,0,0,0,0,0,0,673.5,0,0,0,0,0,0,0,0,0,0,0,0
"263,184","G->T","adhP","A248D (GCT->GAT) ","alcohol dehydrogenase AdhP",0,0,0,0,0,0,0,0,0,0,0,0,0,0,0,0,0,275.1,0,0,0,0,0,0,0,0,0,0,0,0
"575,009","C->A","SP_0608","A198S (GCT->TCT) ","amino acid ABC transporter permease",0,0,0,0,0,0,0,0,0,0,0,0,0,0,0,0,0,303.7,0,0,0,0,0,0,0,0,0,0,0,0
"1,958,390","C->A","SP_2057","G374V (GGT->GTT) ","acetyltransferase",0,0,0,0,0,0,0,0,0,0,0,0,0,0,0,0,0,203.7,0,0,0,0,0,0,0,0,0,0,0,0
"1,454,430","A->C","yaaA","V210G (GTA->GGA) ","peroxide stress protein YaaA",0,0,0,0,0,0,0,0,0,0,0,0,0,0,0,0,0,548.5,0,0,0,0,0,0,0,0,0,0,0,0
"691,784","A->C","SP_0727","T54P (ACT->CCT) ","CopY/TcrY family copper transport repressor",0,0,0,0,0,0,0,0,0,0,0,0,0,0,0,0,0,261,0,0,0,0,0,0,0,0,0,0,0,0
"195,982","G->A","rplB","E276E (GAG->GAA) ","50S ribosomal protein L2",0,0,0,0,0,0,0,0,0,0,0,0,0,0,0,0,0,0,2000,1100,1400,0,0,0,0,0,0,0,0,0
"1,869,564","C->G","rpoB","V135L (GTT->CTT) ","DNA-directed RNA polymerase subunit beta",0,0,0,0,0,0,0,0,0,0,0,0,0,0,0,0,0,0,1985.6,1150.2,1368.7,0,0,0,0,0,0,0,0,0
"89,107","C->T","SP_0083","Q24* (CAG->TAG) ","response regulator transcription factor",0,0,0,0,0,0,0,0,0,0,0,0,0,0,0,0,0,0,470.9,0,0,0,0,0,0,0,0,0,0,0
"1,019,828","C->A","spxR","S264* (TCG->TAG) ","CBS-HotDog domain-containing transcription factor SpxR",0,0,0,0,0,0,0,0,0,0,0,0,0,0,0,0,0,0,457.6,0,0,0,0,0,0,0,0,0,0,0
"1,434,304","C->A","SP_1524","L42F (TTG->TTT) ","pyridoxal phosphate-dependent aminotransferase",0,0,0,0,0,0,0,0,0,0,0,0,0,0,0,0,0,0,350,0,0,0,0,0,0,0,0,0,0,0
"1,703,595","C->A","SP_1785/SP_1786","intergenic (-203/+88)","DUF3013 family protein/type II toxin-antitoxin system HicB family antitoxin",0,0,0,0,0,0,0,0,0,0,0,0,0,0,0,0,0,0,484.2,0,0,0,0,0,0,0,0,0,0,0
"1,868,397","G->T","rpoB","P524T (CCT->ACT) ","DNA-directed RNA polymerase subunit beta",0,0,0,0,0,0,0,0,0,0,0,0,0,0,0,0,0,0,287.7,0,0,0,0,0,0,0,0,0,0,0
"716,669","G->A","ftsX/SP_0758","intergenic (+242/-44)","permease-like cell division protein FtsX/PTS transporter subunit IIBC",0,0,0,0,0,0,0,0,0,0,0,0,0,0,0,0,0,0,128.2,0,0,0,0,0,0,0,0,0,0,0
"744,115","G->A","SP_RS13140","pseudogene (41/84 nt)","lysyl-tRNA synthetase",0,0,0,0,0,0,0,0,0,0,0,0,0,0,0,0,0,0,0,112.9,101.7,0,0,0,0,0,141.4,0,0,0
"314,431","T->G","SP_0341","Y252S (TAC->TCC) ","DUF1846 domain-containing protein",0,0,0,0,0,0,0,0,0,0,0,0,0,0,0,0,0,0,0,387,454.6,0,0,0,0,0,0,0,0,0
"600,271","G->A","SP_0636","M69I (ATG->ATA) ","ATP-binding cassette domain-containing protein",0,0,0,0,0,0,0,0,0,0,0,0,0,0,0,0,0,0,0,385.4,466.7,0,0,0,0,0,0,0,0,0
"1,010,145","G->A","dnaG","E576K (GAA->AAA) ","DNA primase",0,0,0,0,0,0,0,0,0,0,0,0,0,0,0,0,0,0,0,384.6,455.4,0,0,0,0,0,0,0,0,0
"1,868,541","C->A","rpoB","D476Y (GAC->TAC) ","DNA-directed RNA polymerase subunit beta",0,0,0,0,0,0,0,0,0,0,0,0,0,0,0,0,0,0,0,382.9,450,0,0,0,0,0,0,0,0,0
"216,163","G->T","SP_0246","G58* (GGA->TGA) ","DeoR/GlpR family DNA-binding transcription regulator",0,0,0,0,0,0,0,0,0,0,0,0,0,0,0,0,0,0,0,180.3,0,0,0,0,0,0,0,0,0,460.9
"1,244,559","C->T","SP_1321","V104I (GTA->ATA) ","V-type ATP synthase subunit K",0,0,0,0,0,0,0,0,0,0,0,0,0,0,0,0,0,0,0,189.6,0,0,0,0,0,0,0,0,0,480.8
"1,312,250","C->G","SP_1388","V205L (GTC->CTC) ","ABC transporter permease",0,0,0,0,0,0,0,0,0,0,0,0,0,0,0,0,0,0,0,192.2,0,0,0,0,0,0,0,0,0,687.4
"1,505,918","G->T","SP_1602/SP_1603","intergenic (-54/+77)","alkylphosphonate utilization protein/(d)CMP kinase",0,0,0,0,0,0,0,0,0,0,0,0,0,0,0,0,0,0,0,188.8,0,0,0,0,0,0,0,1638.4,0,1241.7
"1,945,746","G->A","SP_2040","A266V (GCA->GTA) ","protein jag",0,0,0,0,0,0,0,0,0,0,0,0,0,0,0,0,0,0,0,189.6,0,0,0,0,0,0,0,1629.8,0,1255.6
"1,790,104","C->T","SP_RS12405","pseudogene (406/1327 nt)","ISL3 family transposase",0,0,0,0,0,0,0,0,0,0,0,0,0,0,0,0,0,0,0,157,0,0,0,0,0,0,0,0,0,340
"1,863,589","C->A","rpoC","A912S (GCG->TCG) ","DNA-directed RNA polymerase subunit beta'",0,0,0,0,0,0,0,0,0,0,0,0,0,0,0,0,0,0,0,173.3,0,0,0,0,0,0,0,1632.3,0,1123.5
"694,849","G->C","SP_0729/spxB","intergenic (+194/-13)","heavy metal translocating P-type ATPase/pyruvate oxidase",0,0,0,0,0,0,0,0,0,0,0,0,0,0,0,0,0,0,0,322.8,0,0,0,0,0,0,0,0,0,0
"695,207","C->T","spxB","Q116* (CAA->TAA) ","pyruvate oxidase",0,0,0,0,0,0,0,0,0,0,0,0,0,0,0,0,0,0,0,561.8,369.6,0,0,241.1,0,0,0,0,0,0
"1,867,958","G->A","rpoB","A670V (GCA->GTA) ","DNA-directed RNA polymerase subunit beta",0,0,0,0,0,0,0,0,0,0,0,0,0,0,0,0,0,0,0,239.3,341.8,0,0,231.5,0,122.5,0,0,0,0
"2,131,217","A->G","cysK","S192S (TCA->TCG) ","cysteine synthase A",0,0,0,0,0,0,0,0,0,0,0,0,0,0,0,0,0,0,0,638.1,379.2,0,0,237.3,0,140,0,0,0,0
"846,780","+A","SP_0894/SP_0895","intergenic (-39/-308)","Xaa-Pro dipeptidyl-peptidase/DNA polymerase III subunit alpha",0,0,0,0,0,0,0,0,0,0,0,0,0,0,0,0,0,0,0,0,300,0,0,0,0,0,0,0,0,0
"1,378,990","1 bp","SP_1465","coding (181/447 nt)","DUF1836 domain-containing protein",0,0,0,0,0,0,0,0,0,0,0,0,0,0,0,0,0,0,0,0,300,0,0,0,0,0,0,0,0,0
"637,313","G->C","SP_0664","A845P (GCA->CCA) ","LPXTG cell wall anchor domain-containing protein",0,0,0,0,0,0,0,0,0,0,0,0,0,0,0,0,0,0,0,0,290.7,0,0,0,0,0,0,0,0,0
"1,498,211","A->C","SP_RS12305","pseudogene (896/1080 nt)","IS3 family transposase",0,0,0,0,0,0,0,0,0,0,0,0,0,0,0,0,0,0,0,0,101.5,0,0,0,0,0,0,0,0,0
"1,875,876","1 bp","SP_1967coaD","coding (11/1038 nt)|coding (483/489 nt)","PDZ domain-containing proteinpantetheine-phosphate adenylyltransferase",0,0,0,0,0,0,0,0,0,0,0,0,0,0,0,0,0,0,0,0,0,500,0,0,0,0,0,0,0,0
"870,428","C->A","SP_0916","A187D (GCT->GAT) ","aminotransferase class I/II-fold pyridoxal phosphate-dependent enzyme",0,0,0,0,0,0,0,0,0,0,0,0,0,0,0,0,0,0,0,0,0,485.1,0,0,0,0,0,0,0,0
"1,020,040","G->T","spxR","E335* (GAA->TAA) ","CBS-HotDog domain-containing transcription factor SpxR",0,0,0,0,0,0,0,0,0,0,0,0,0,0,0,0,0,0,0,0,0,455.9,0,0,0,0,0,0,0,0
"1,182,587","G->A","SP_1248","S211F (TCT->TTT) ","ribonuclease III",0,0,0,0,0,0,0,0,0,0,0,0,0,0,0,0,0,0,0,0,0,450.2,0,0,0,0,0,0,0,0
"1,488,484","8 bp","SP_1583","coding (224-231/576 nt)","cysteine hydrolase",0,0,0,0,0,0,0,0,0,0,0,0,0,0,0,0,0,0,0,0,0,324.6,0,0,0,0,0,0,0,0
"1,583,321","C->T","SP_1683","G59S (GGT->AGT) ","ABC transporter substrate-binding protein",0,0,0,0,0,0,0,0,0,0,0,0,0,0,0,0,0,0,0,0,0,641.4,0,0,0,0,0,0,0,0
"1,824,139","T->C","SP_1910","T68T (ACA->ACG) ","DUF4479 and tRNA-binding domain-containing protein",0,0,0,0,0,0,0,0,0,0,0,0,0,0,0,0,0,0,0,0,0,488.9,0,0,0,0,0,0,0,0
"1,488,479","1 bp","SP_1583","coding (236/576 nt)","cysteine hydrolase",0,0,0,0,0,0,0,0,0,0,0,0,0,0,0,0,0,0,0,0,0,148.2,0,0,0,0,0,0,0,0
"1,488,480","1 bp","SP_1583","coding (235/576 nt)","cysteine hydrolase",0,0,0,0,0,0,0,0,0,0,0,0,0,0,0,0,0,0,0,0,0,130.4,0,0,0,0,0,0,0,0
"1,488,481","1 bp","SP_1583","coding (234/576 nt)","cysteine hydrolase",0,0,0,0,0,0,0,0,0,0,0,0,0,0,0,0,0,0,0,0,0,129.9,0,0,0,0,0,0,0,0
"775,580","A->G","SP_0825","T274A (ACC->GCC) ","bifunctional methylenetetrahydrofolate dehydrogenase/methenyltetrahydrofolate cyclohydrolase",0,0,0,0,0,0,0,0,0,0,0,0,0,0,0,0,0,0,0,0,0,181.6,0,0,0,0,0,0,0,0
"1,488,389","A->G","SP_1583","F109S (TTT->TCT) ","cysteine hydrolase",0,0,0,0,0,0,0,0,0,0,0,0,0,0,0,0,0,0,0,0,0,206.7,0,0,0,0,0,0,0,0
"1,488,683","G->T","SP_1583","T11K (ACA->AAA) ","cysteine hydrolase",0,0,0,0,0,0,0,0,0,0,0,0,0,0,0,0,0,0,0,0,0,1002.7,0,0,0,0,0,0,0,197
"1,832,446","G->T","ply","A289E (GCG->GAG) ","cholesterol-dependent cytolysin pneumolysin",0,0,0,0,0,0,0,0,0,0,0,0,0,0,0,0,0,0,0,0,0,161.3,0,0,0,0,0,0,0,0
"1,001,393","A->C","SP_1067","E39A (GAA->GCA) ","FtsW/RodA/SpoVE family cell cycle protein",0,0,0,0,0,0,0,0,0,0,0,0,0,0,0,0,0,0,0,0,0,200,0,0,0,0,0,0,0,0
"312,695","T->C","SP_0338","V658A (GTT->GCT) ","ATP-dependent Clp protease ATP-binding subunit",0,0,0,0,0,0,0,0,0,0,0,0,0,0,0,0,0,0,0,0,0,215.2,0,0,0,0,0,0,0,0
"1,416,517","A->C","atpD","S455S (TCT->TCG) ","F0F1 ATP synthase subunit beta",0,0,0,0,0,0,0,0,0,0,0,0,0,0,0,0,0,0,0,0,0,235.3,0,0,0,0,0,0,0,0
"1,488,357","C->A","SP_1583","E120* (GAG->TAG) ","cysteine hydrolase",0,0,0,0,0,0,0,0,0,0,0,0,0,0,0,0,0,0,0,0,0,132.7,0,0,0,0,0,0,0,0
"1,497,665","C->A","SP_1591","L348I (CTC->ATC) ","Xaa-Pro peptidase family protein",0,0,0,0,0,0,0,0,0,0,0,0,0,0,0,0,0,0,0,0,0,209.1,0,0,0,0,0,0,0,0
"1,726,635","C->T","SP_1813","V123M (GTG->ATG) ","phosphoribosylanthranilate isomerase",0,0,0,0,0,0,0,0,0,0,0,0,0,0,0,0,0,0,0,0,0,211.8,0,0,0,0,0,0,0,0
"1,945,653","C->T","SP_2040","R297H (CGC->CAC) ","protein jag",0,0,0,0,0,0,0,0,0,0,0,0,0,0,0,0,0,0,0,0,0,108.8,0,0,0,0,0,0,0,0
"695,132","G->C","spxB","A91P (GCA->CCA) ","pyruvate oxidase",0,0,0,0,0,0,0,0,0,0,0,0,0,0,0,0,0,0,0,0,0,106.4,0,0,0,0,0,0,0,0
"64,924","G->T","SP_0058/SP_0060","intergenic (-318/-31)","GntR family transcriptional regulator/beta-galactosidase",0,0,0,0,0,0,0,0,0,0,0,0,0,0,0,0,0,0,0,0,0,216,0,662.8,0,0,0,0,0,0
"1,488,317","G->T","SP_1583","T133K (ACG->AAG) ","cysteine hydrolase",0,0,0,0,0,0,0,0,0,0,0,0,0,0,0,0,0,0,0,0,0,210.5,0,664.4,0,0,0,0,0,0
"1,720,540","T->G","SP_RS08960/SP_RS08965","intergenic (+61/+49)","CsbD family protein/transposase",0,0,0,0,0,0,0,0,0,0,0,0,0,0,0,0,0,0,0,0,0,213.6,0,664.5,0,0,0,0,0,0
"1,772,051","A->C","pepA","C313G (TGC->GGC) ","glutamyl aminopeptidase",0,0,0,0,0,0,0,0,0,0,0,0,0,0,0,0,0,0,0,0,0,210.3,0,673.1,0,0,134.3,0,0,0
"696,042","C->G","spxB","T394R (ACA->AGA) ","pyruvate oxidase",0,0,0,0,0,0,0,0,0,0,0,0,0,0,0,0,0,0,0,0,0,0,237.8,0,0,0,0,0,0,0
"1,001,521","A->G","SP_1067","I82V (ATA->GTA) ","FtsW/RodA/SpoVE family cell cycle protein",0,0,0,0,0,0,0,0,0,0,0,0,0,0,0,0,0,0,0,0,0,0,186.9,0,0,0,0,0,0,0
"875,105","G->T","nspC","E236D (GAG->GAT) ","carboxynorspermidine decarboxylase",0,0,0,0,0,0,0,0,0,0,0,0,0,0,0,0,0,0,0,0,0,0,621.9,0,0,0,0,0,0,0
"716,668","C->T","ftsX/SP_0758","intergenic (+241/-45)","permease-like cell division protein FtsX/PTS transporter subunit IIBC",0,0,0,0,0,0,0,0,0,0,0,0,0,0,0,0,0,0,0,0,0,0,572.6,0,0,0,0,0,0,0
"1,304,643","T->C","SP_1381/SP_1382","intergenic (-39/-140)","ABC transporter ATP-binding protein/alpha-amylase",0,0,0,0,0,0,0,0,0,0,0,0,0,0,0,0,0,0,0,0,0,0,0,609.7,0,0,0,0,0,0
"927,746","T->C","prsA","F211S (TTC->TCC) ","peptidylprolyl isomerase PrsA",0,0,0,0,0,0,0,0,0,0,0,0,0,0,0,0,0,0,0,0,0,0,0,307,0,0,0,0,0,0
"2,059,339","A->G","SP_2145","Q585R (CAG->CGG) ","GH92 family glycosyl hydrolase",0,0,0,0,0,0,0,0,0,0,0,0,0,0,0,0,0,0,0,0,0,0,0,397.6,0,0,0,0,0,0
"460,992","C->A","trkA","V317L (GTA->TTA) ","Trk system potassium transporter TrkA",0,0,0,0,0,0,0,0,0,0,0,0,0,0,0,0,0,0,0,0,0,0,0,101.4,0,0,0,0,0,0
"987,399","A->C","SP_1048","Y25S (TAT->TCT) ","hypothetical protein",0,0,0,0,0,0,0,0,0,0,0,0,0,0,0,0,0,0,0,0,0,0,0,845.1,0,0,0,0,0,0
"1,431,841","G->A","SP_1523","H444Y (CAT->TAT) ","DEAD/DEAH box helicase",0,0,0,0,0,0,0,0,0,0,0,0,0,0,0,0,0,0,0,0,0,0,0,397.5,0,0,0,0,0,0
"1,347,712","G->A","SP_1429","Q288* (CAA->TAA) ","U32 family peptidase",0,0,0,0,0,0,0,0,0,0,0,0,0,0,0,0,0,0,0,0,0,0,0,325.5,0,0,0,0,0,0
"1,341,848","C->A","SP_1421","D415Y (GAT->TAT) ","nicotinate phosphoribosyltransferase",0,0,0,0,0,0,0,0,0,0,0,0,0,0,0,0,0,0,0,0,0,0,0,209.2,0,0,0,0,0,0
"1,945,878","G->T","SP_2040","P222Q (CCA->CAA) ","protein jag",0,0,0,0,0,0,0,0,0,0,0,0,0,0,0,0,0,0,0,0,0,0,0,0,1378.2,0,0,0,0,0
"1,362,987","C->A","SP_1443","V8L (GTA->TTA) ","hypothetical protein",0,0,0,0,0,0,0,0,0,0,0,0,0,0,0,0,0,0,0,0,0,0,0,0,720.9,0,0,0,0,0
"353,010","A->C","mapZ","Y253S (TAT->TCT) ","mid-cell-anchored protein MapZ",0,0,0,0,0,0,0,0,0,0,0,0,0,0,0,0,0,0,0,0,0,0,0,0,121,0,0,0,0,0
"1,981,833","T->C","patB","R164R (AGA->AGG) ","multidrug efflux ABC transporter subunit PatB",0,0,0,0,0,0,0,0,0,0,0,0,0,0,0,0,0,0,0,0,0,0,0,0,135.4,0,0,0,0,0
"590,374","A->C","pepV","T64P (ACT->CCT) ","dipeptidase PepV",0,0,0,0,0,0,0,0,0,0,0,0,0,0,0,0,0,0,0,0,0,0,0,0,233.9,0,0,0,0,0
"1,488,317","G->C","SP_1583","T133R (ACG->AGG) ","cysteine hydrolase",0,0,0,0,0,0,0,0,0,0,0,0,0,0,0,0,0,0,0,0,0,0,0,0,234.7,0,0,0,0,0
"2,146,488","C->A","guaB","P321P (CCG->CCT) ","IMP dehydrogenase",0,0,0,0,0,0,0,0,0,0,0,0,0,0,0,0,0,0,0,0,0,0,0,0,237.6,0,0,0,0,0
"160,122","+A","SP_0163/SP_0165","intergenic (+64/-262)","helix-turn-helix transcriptional regulator/phosphopantothenate--cysteine ligase family flavoprotein",0,0,0,0,0,0,0,0,0,0,0,0,0,0,0,0,0,0,0,0,0,0,0,0,500,0,200,0,0,0
"680,355","G->A","SP_RS03495/lctO","intergenic (-298/-75)","IS1380-like element ISSpn5 family transposase/L-lactate oxidase",0,0,0,0,0,0,0,0,0,0,0,0,0,0,0,0,0,0,0,0,0,0,0,0,286.2,0,0,0,0,0
"1,321,738","G->A","pstA","A139V (GCC->GTC) ","phosphate ABC transporter permease PstA",0,0,0,0,0,0,0,0,0,0,0,0,0,0,0,0,0,0,0,0,0,0,0,0,405.3,0,134.1,0,0,0
"2,158,126","A->G","SP_RS11440/rlmH","intergenic (-3/+41)","tRNA-Arg/23S rRNA (pseudouridine(1915)-N(3))-methyltransferase RlmH",0,0,0,0,0,0,0,0,0,0,0,0,0,0,0,0,0,0,0,0,0,0,0,0,434.2,0,141.7,0,0,0
"963,546","G->A","prfA","R32H (CGT->CAT) ","peptide chain release factor 1",0,0,0,0,0,0,0,0,0,0,0,0,0,0,0,0,0,0,0,0,0,0,0,0,1253.7,0,0,0,0,0
"1,568,175","C->T","ftsA/SP_1668","intergenic (-74/+145)","cell division protein FtsA/TIGR02206 family membrane protein",0,0,0,0,0,0,0,0,0,0,0,0,0,0,0,0,0,0,0,0,0,0,0,0,1292.6,0,0,0,0,0
"138,565","A->C","SP_RS00720","pseudogene (294/1172 nt)","nucleotide sugar dehydrogenase",0,0,0,0,0,0,0,0,0,0,0,0,0,0,0,0,0,0,0,0,0,0,0,0,356,0,0,0,0,0
"302,743","C->A","SP_RS01600","pseudogene (149/315 nt)","oligohyaluronate lyase",0,0,0,0,0,0,0,0,0,0,0,0,0,0,0,0,0,0,0,0,0,0,0,0,366.8,0,0,0,0,0
"848,410","T->C","SP_0895","Y441Y (TAT->TAC) ","DNA polymerase III subunit alpha",0,0,0,0,0,0,0,0,0,0,0,0,0,0,0,0,0,0,0,0,0,0,0,0,363.1,0,0,0,0,0
"2,138,502","C->A","SP_2219","G68V (GGC->GTC) ","energy-coupling factor transporter transmembrane protein EcfT",0,0,0,0,0,0,0,0,0,0,0,0,0,0,0,0,0,0,0,0,0,0,0,0,230.1,0,0,0,0,0
"517,119","G->A","SP_0544","G51G (GGG->GGA) ","hypothetical protein",0,0,0,0,0,0,0,0,0,0,0,0,0,0,0,0,0,0,0,0,0,0,0,0,112.7,0,0,0,0,0
"1,542,842","C->T","SP_1645","A378T (GCT->ACT) ","bifunctional (p)ppGpp synthetase/guanosine-3',5'-bis(diphosphate) 3'-pyrophosphohydrolase",0,0,0,0,0,0,0,0,0,0,0,0,0,0,0,0,0,0,0,0,0,0,0,0,0,105.6,0,0,0,0
"1,288,602","A->G","SP_1365","V123A (GTC->GCC) ","glycosyltransferase",0,0,0,0,0,0,0,0,0,0,0,0,0,0,0,0,0,0,0,0,0,0,0,0,0,100.7,0,0,0,0
"225,675","T->G","SP_0254","G308G (GGT->GGG) ","leucine--tRNA ligase",0,0,0,0,0,0,0,0,0,0,0,0,0,0,0,0,0,0,0,0,0,0,0,0,0,208.1,0,0,0,0
"1,241,202","C->T","SP_1317","G377G (GGG->GGA) ","V-type ATP synthase subunit A",0,0,0,0,0,0,0,0,0,0,0,0,0,0,0,0,0,0,0,0,0,0,0,0,0,151.7,0,0,0,0
"1,431,708","G->A","SP_1523","A488V (GCC->GTC) ","DEAD/DEAH box helicase",0,0,0,0,0,0,0,0,0,0,0,0,0,0,0,0,0,0,0,0,0,0,0,0,0,658.1,0,0,0,0
"2,054,228","C->T","SP_2143","E606K (GAA->AAA) ","alpha-mannosidase",0,0,0,0,0,0,0,0,0,0,0,0,0,0,0,0,0,0,0,0,0,0,0,0,0,482.4,0,0,0,0
"2,100,489","G->T","ltrA/SP_2182","intergenic (-690/-382)","group II intron reverse transcriptase/maturase/hypothetical protein",0,0,0,0,0,0,0,0,0,0,0,0,0,0,0,0,0,0,0,0,0,0,0,0,0,138.7,0,0,0,0
"416,044","G->C","SP_0443","V155L (GTC->CTC) ","DAK2 domain-containing protein",0,0,0,0,0,0,0,0,0,0,0,0,0,0,0,0,0,0,0,0,0,0,0,0,0,193.9,0,0,0,0
"502,290","G->A","SP_0521","P104L (CCT->CTT) ","HIT family protein",0,0,0,0,0,0,0,0,0,0,0,0,0,0,0,0,0,0,0,0,0,0,0,0,0,191.8,0,0,0,0
"262,206","G->A","SP_0284","P157S (CCA->TCA) ","PTS sugar transporter subunit IIB",0,0,0,0,0,0,0,0,0,0,0,0,0,0,0,0,0,0,0,0,0,0,0,0,0,591.2,0,0,0,0
"966,918","T->C","SP_1024","F156F (TTT->TTC) ","serine hydroxymethyltransferase",0,0,0,0,0,0,0,0,0,0,0,0,0,0,0,0,0,0,0,0,0,0,0,0,0,554.8,0,0,0,0
"1,331,703","G->A","SP_1412","Q231* (CAA->TAA) ","prolipoprotein diacylglyceryl transferase",0,0,0,0,0,0,0,0,0,0,0,0,0,0,0,0,0,0,0,0,0,0,0,0,0,567.4,0,0,0,0
"140,228","C->T","SP_0141","Y130Y (TAC->TAT) ","XRE/MutR family transcriptional regulator",0,0,0,0,0,0,0,0,0,0,0,0,0,0,0,0,0,0,0,0,0,0,0,0,0,0,1541.3,0,0,0
"635,627","G->A","SP_0664","E283K (GAA->AAA) ","LPXTG cell wall anchor domain-containing protein",0,0,0,0,0,0,0,0,0,0,0,0,0,0,0,0,0,0,0,0,0,0,0,0,0,0,1452.4,0,0,0
"1,065,412","A->C","SP_1130/SP_1131","intergenic (-95/-25)","helix-turn-helix domain-containing protein/helix-turn-helix transcriptional regulator",0,0,0,0,0,0,0,0,0,0,0,0,0,0,0,0,0,0,0,0,0,0,0,0,0,0,1573.1,0,0,0
"1,142,643","C->T","truB","M59I (ATG->ATA) ","tRNA pseudouridine(55) synthase TruB",0,0,0,0,0,0,0,0,0,0,0,0,0,0,0,0,0,0,0,0,0,0,0,0,0,0,1386.2,0,0,0
"1,377,756","C->A","SP_1463","K142N (AAG->AAT) ","methylated-DNA--[protein]-cysteine S-methyltransferase",0,0,0,0,0,0,0,0,0,0,0,0,0,0,0,0,0,0,0,0,0,0,0,0,0,0,1459.1,0,0,0
"1,398,623","G->C","SP_RS07315","pseudogene (90/359 nt)","winged helix-turn-helix domain-containing protein",0,0,0,0,0,0,0,0,0,0,0,0,0,0,0,0,0,0,0,0,0,0,0,0,0,0,1335.7,0,0,0
"350,223","1 bp","SP_0371/gpsB","intergenic (+25/-45)","DUF1273 domain-containing protein/cell division regulator GpsB",0,0,0,0,0,0,0,0,0,0,0,0,0,0,0,0,0,0,0,0,0,0,0,0,0,0,1416.3,0,0,0
"370,340","63 bp","cbpF","coding (730-792/1023 nt)","choline-binding protein CbpF",0,0,0,0,0,0,0,0,0,0,0,0,0,0,0,0,0,0,0,0,0,0,0,0,0,0,600,0,0,0
"740,987","C->T","SP_0787","R196W (CGG->TGG) ","ABC transporter permease",0,0,0,0,0,0,0,0,0,0,0,0,0,0,0,0,0,0,0,0,0,0,0,0,0,0,730.7,0,0,0
"959,533","G->A","SP_1015","T288I (ACT->ATT) ","ISL3 family transposase",0,0,0,0,0,0,0,0,0,0,0,0,0,0,0,0,0,0,0,0,0,0,0,0,0,0,547.9,0,0,0
"263,872","C->G","adhP","V19L (GTA->CTA) ","alcohol dehydrogenase AdhP",0,0,0,0,0,0,0,0,0,0,0,0,0,0,0,0,0,0,0,0,0,0,0,0,0,0,236.3,0,0,0
"525,511","C->A","infB","V796V (GTC->GTA) ","translation initiation factor IF-2",0,0,0,0,0,0,0,0,0,0,0,0,0,0,0,0,0,0,0,0,0,0,0,0,0,0,372.9,0,0,0
"663,706","C->T","SP_RS03390","pseudogene (32/637 nt)","peptidase M50 family protein",0,0,0,0,0,0,0,0,0,0,0,0,0,0,0,0,0,0,0,0,0,0,0,0,0,0,1132.6,0,0,0
"704,200","G->T","SP_0742","S208* (TCA->TAA) ","DegV family protein",0,0,0,0,0,0,0,0,0,0,0,0,0,0,0,0,0,0,0,0,0,0,0,0,0,0,1129.4,0,0,0
"998,467","A->G","SP_1062SP_1063","*306W (TGA->TGG) K2E (AAG->GAG) ","ABC transporter ATP-binding proteinABC transporter permease",0,0,0,0,0,0,0,0,0,0,0,0,0,0,0,0,0,0,0,0,0,0,0,0,0,0,1121.2,0,0,0
"1,272,037","G->A","SP_RS06610","pseudogene (251/341 nt)","hypothetical protein",0,0,0,0,0,0,0,0,0,0,0,0,0,0,0,0,0,0,0,0,0,0,0,0,0,0,103.6,0,0,0
"1,845,674","C->G","SP_1941","E73Q (GAG->CAG) ","competence/damage-inducible protein A",0,0,0,0,0,0,0,0,0,0,0,0,0,0,0,0,0,0,0,0,0,0,0,0,0,0,187.2,0,0,0
"1,417,571","G->A","atpD","A104V (GCT->GTT) ","F0F1 ATP synthase subunit beta",0,0,0,0,0,0,0,0,0,0,0,0,0,0,0,0,0,0,0,0,0,0,0,0,0,0,126.2,0,0,0
"1,832,311","G->A","ply","S334F (TCT->TTT) ","cholesterol-dependent cytolysin pneumolysin",0,0,0,0,0,0,0,0,0,0,0,0,0,0,0,0,0,0,0,0,0,0,0,0,0,0,0,500,900,0
"348,724","C->A","pbp1a","D97Y (GAC->TAC) ","penicillin-binding protein PBP1A",0,0,0,0,0,0,0,0,0,0,0,0,0,0,0,0,0,0,0,0,0,0,0,0,0,0,0,375.2,0,0
"396,691","C->T","SP_0417/SP_0418","intergenic (+59/-1)","ketoacyl-ACP synthase III/acyl carrier protein",0,0,0,0,0,0,0,0,0,0,0,0,0,0,0,0,0,0,0,0,0,0,0,0,0,0,0,382.3,0,0
"1,092,017","G->T","SP_1157","A15S (GCC->TCC) ","ClC family H(+)/Cl(-) exchange transporter",0,0,0,0,0,0,0,0,0,0,0,0,0,0,0,0,0,0,0,0,0,0,0,0,0,0,0,393.4,0,0
"2,132,875","C->A","tnpB","G9C (GGT->TGT) ","IS66 family insertion sequence element accessory protein TnpB",0,0,0,0,0,0,0,0,0,0,0,0,0,0,0,0,0,0,0,0,0,0,0,0,0,0,0,395.7,0,0
"541,824","C->T","SP_RS11850","pseudogene (655/1695 nt)","DEAD/DEAH box helicase family protein",0,0,0,0,0,0,0,0,0,0,0,0,0,0,0,0,0,0,0,0,0,0,0,0,0,0,0,623.6,0,163.8
"1,635,358","T->C","pknB","S441G (AGT->GGT) ","Stk1 family PASTA domain-containing Ser/Thr kinase",0,0,0,0,0,0,0,0,0,0,0,0,0,0,0,0,0,0,0,0,0,0,0,0,0,0,0,624.5,0,168.6
"428,326","G->T","SP_0454","A628S (GCC->TCC) ","DUF2207 domain-containing protein",0,0,0,0,0,0,0,0,0,0,0,0,0,0,0,0,0,0,0,0,0,0,0,0,0,0,0,229.4,0,169
"1,774,594","G->A","SP_1869","W28* (TGG->TAG) ","ABC transporter permease",0,0,0,0,0,0,0,0,0,0,0,0,0,0,0,0,0,0,0,0,0,0,0,0,0,0,0,240.2,0,172.6
"2,036,474","G->T","SP_2125","K86N (AAG->AAT) ","metal-sulfur cluster assembly factor",0,0,0,0,0,0,0,0,0,0,0,0,0,0,0,0,0,0,0,0,0,0,0,0,0,0,0,177.4,0,167.4
"2,048,722","C->T","pcpA/SP_RS10905","intergenic (-201/-134)","choline-binding protein PcpA/ATP-binding protein",0,0,0,0,0,0,0,0,0,0,0,0,0,0,0,0,0,0,0,0,0,0,0,0,0,0,0,131.6,0,0
"205,284","C->T","SP_0231/infA","intergenic (+85/-32)","adenylate kinase/translation initiation factor IF-1",0,0,0,0,0,0,0,0,0,0,0,0,0,0,0,0,0,0,0,0,0,0,0,0,0,0,0,913.1,0,271
"1,897,130","G->A","SP_1994","I338I (ATC->ATT) ","pyridoxal phosphate-dependent aminotransferase",0,0,0,0,0,0,0,0,0,0,0,0,0,0,0,0,0,0,0,0,0,0,0,0,0,0,0,742.5,0,286.6
"287,394","T->G","SP_0313/SP_0314","intergenic (-134/-89)","glutathione peroxidase/LPXTG-anchored hyaluronate lyase",0,0,0,0,0,0,0,0,0,0,0,0,0,0,0,0,0,0,0,0,0,0,0,0,0,0,0,142.4,0,0
"1,053,754","G->T","glgB","T12T (ACG->ACT) ","1,4-alpha-glucan branching protein GlgB",0,0,0,0,0,0,0,0,0,0,0,0,0,0,0,0,0,0,0,0,0,0,0,0,0,0,0,159,0,0
"359,456","C->T","SP_0380","L295L (CTG->CTA) ","lanthionine synthetase",0,0,0,0,0,0,0,0,0,0,0,0,0,0,0,0,0,0,0,0,0,0,0,0,0,0,0,0,1002.5,0
"774,639","A->C","SP_0824/SP_0825","intergenic (+57/-122)","amino acid ABC transporter ATP-binding protein/bifunctional methylenetetrahydrofolate dehydrogenase/methenyltetrahydrofolate cyclohydrolase",0,0,0,0,0,0,0,0,0,0,0,0,0,0,0,0,0,0,0,0,0,0,0,0,0,0,0,0,664.6,0
"940,376","G->C","ccdA2","G74A (GGC->GCC) ","thiol-disulfide oxidoreductase-associated membrane protein CcdA2",0,0,0,0,0,0,0,0,0,0,0,0,0,0,0,0,0,0,0,0,0,0,0,0,0,0,0,0,779,0
"205,462","G->A","infA","A49A (GCG->GCA) ","translation initiation factor IF-1",0,0,0,0,0,0,0,0,0,0,0,0,0,0,0,0,0,0,0,0,0,0,0,0,0,0,0,0,172.8,0
"1,807,345","G->A","SP_1899","V201I (GTT->ATT) ","AraC family transcriptional regulator",0,0,0,0,0,0,0,0,0,0,0,0,0,0,0,0,0,0,0,0,0,0,0,0,0,0,0,0,178.6,0
"701,218","A->G","SP_RS03610","pseudogene (54/1348 nt)","sodium-dependent transporter",0,0,0,0,0,0,0,0,0,0,0,0,0,0,0,0,0,0,0,0,0,0,0,0,0,0,0,0,119.5,0
"460,496","T->C","SP_0479","Y31C (TAC->TGC) ","TrkH family potassium uptake protein",0,0,0,0,0,0,0,0,0,0,0,0,0,0,0,0,0,0,0,0,0,0,0,0,0,0,0,0,270.8,0
"2,092,030","1 bp","dltB","coding (1159/1245 nt)","D-alanyl-lipoteichoic acid biosynthesis protein DltB",0,0,0,0,0,0,0,0,0,0,0,0,0,0,0,0,0,0,0,0,0,0,0,0,0,0,0,0,716.2,0
"894,008","C->T","trmFO","T350M (ACG->ATG) ","methylenetetrahydrofolate--tRNA-(uracil(54)- C(5))-methyltransferase (FADH(2)-oxidizing) TrmFO",0,0,0,0,0,0,0,0,0,0,0,0,0,0,0,0,0,0,0,0,0,0,0,0,0,0,0,0,271.3,0
"1,333,349","C->T","SP_1413/SP_1414","intergenic (-28/+102)","HPr(Ser) kinase/phosphatase/30S ribosomal protein S21",0,0,0,0,0,0,0,0,0,0,0,0,0,0,0,0,0,0,0,0,0,0,0,0,0,0,0,0,220,0
"341,363","A->C","SP_0366/SP_0368","intergenic (+282/-20)","peptide ABC transporter substrate-binding protein/YSIRK-type signal peptide-containing protein",0,0,0,0,0,0,0,0,0,0,0,0,0,0,0,0,0,0,0,0,0,0,0,0,0,0,0,0,117.9,0
"84,667","G->T","SP_0079","W159C (TGG->TGT) ","TrkA family potassium uptake protein",0,0,0,0,0,0,0,0,0,0,0,0,0,0,0,0,0,0,0,0,0,0,0,0,0,0,0,0,197.1,0
"578,694","G->T","recJ","A415S (GCG->TCG) ","single-stranded-DNA-specific exonuclease RecJ",0,0,0,0,0,0,0,0,0,0,0,0,0,0,0,0,0,0,0,0,0,0,0,0,0,0,0,0,278.2,0
"794,840","1 bp","SP_0847","coding (697/1059 nt)","ABC transporter permease",0,0,0,0,0,0,0,0,0,0,0,0,0,0,0,0,0,0,0,0,0,0,0,0,0,0,0,0,223.8,0
"794,841","1 bp","SP_0847","coding (698/1059 nt)","ABC transporter permease",0,0,0,0,0,0,0,0,0,0,0,0,0,0,0,0,0,0,0,0,0,0,0,0,0,0,0,0,223.1,0
"1,270,501","A->C","SP_1345","S12S (TCT->TCG) ","hypothetical protein",0,0,0,0,0,0,0,0,0,0,0,0,0,0,0,0,0,0,0,0,0,0,0,0,0,0,0,0,263.8,0
"65,612","C->G","SP_0060","Q220E (CAG->GAG) ","beta-galactosidase",0,0,0,0,0,0,0,0,0,0,0,0,0,0,0,0,0,0,0,0,0,0,0,0,0,0,0,0,0,200.6
"764,340","G->A","ezrA/SP_RS11965","intergenic (+97/-784)","septation ring formation regulator EzrA/IS630-like element ISSpn2 family transposase",0,0,0,0,0,0,0,0,0,0,0,0,0,0,0,0,0,0,0,0,0,0,0,0,0,0,0,0,0,200.9
"1,065,822","C->T","SP_1131/SP_1132","intergenic (+32/-68)","helix-turn-helix transcriptional regulator/hypothetical protein",0,0,0,0,0,0,0,0,0,0,0,0,0,0,0,0,0,0,0,0,0,0,0,0,0,0,0,0,0,200.8
"1,775,544","C->T","SP_1870","P28P (CCC->CCT) ","iron chelate uptake ABC transporter family permease subunit",0,0,0,0,0,0,0,0,0,0,0,0,0,0,0,0,0,0,0,0,0,0,0,0,0,0,0,0,0,195.2
"377,420","G->A","SP_0397","V288M (GTG->ATG) ","mannitol-1-phosphate 5-dehydrogenase",0,0,0,0,0,0,0,0,0,0,0,0,0,0,0,0,0,0,0,0,0,0,0,0,0,0,0,0,0,139
"84,567","G->A","SP_0079","G126E (GGG->GAG) ","TrkA family potassium uptake protein",0,0,0,0,0,0,0,0,0,0,0,0,0,0,0,0,0,0,0,0,0,0,0,0,0,0,0,0,0,509.7
"1,164,354","C->T","coaC","I12I (ATC->ATT) ","phosphopantothenoylcysteine decarboxylase",0,0,0,0,0,0,0,0,0,0,0,0,0,0,0,0,0,0,0,0,0,0,0,0,0,0,0,0,0,652.7
"1,622,569","C->A","SP_RS13180","pseudogene (49/195 nt)","IS30 family transposase",0,0,0,0,0,0,0,0,0,0,0,0,0,0,0,0,0,0,0,0,0,0,0,0,0,0,0,0,0,497
"1,989,546","G->T","SP_2078","S475I (AGC->ATC) ","arginine--tRNA ligase",0,0,0,0,0,0,0,0,0,0,0,0,0,0,0,0,0,0,0,0,0,0,0,0,0,0,0,0,0,626
"1,497,583","T->G","SP_1591","S320S (TCT->TCG) ","Xaa-Pro peptidase family protein",0,0,0,0,0,0,0,0,0,0,0,0,0,0,0,0,0,0,0,0,0,0,0,0,0,0,0,0,0,264.9
"1,605,822","C->T","SP_1701","D244N (GAT->AAT) ","3-deoxy-7-phosphoheptulonate synthase",0,0,0,0,0,0,0,0,0,0,0,0,0,0,0,0,0,0,0,0,0,0,0,0,0,0,0,0,0,165.1
"1,735,971","G->A","SP_1825","D332D (GAC->GAT) ","ABC transporter ATP-binding protein",0,0,0,0,0,0,0,0,0,0,0,0,0,0,0,0,0,0,0,0,0,0,0,0,0,0,0,0,0,641.4
"384,143","C->T","zapA","A34V (GCG->GTG) ","cell division protein ZapA",0,0,0,0,0,0,0,0,0,0,0,0,0,0,0,0,0,0,0,0,0,0,0,0,0,0,0,0,0,225.4
"1,816,708","G->T","rlmD","V31V (GTC->GTA) ","23S rRNA (uracil(1939)-C(5))-methyltransferase RlmD",0,0,0,0,0,0,0,0,0,0,0,0,0,0,0,0,0,0,0,0,0,0,0,0,0,0,0,0,0,263
"417,063","G->T","SP_0443","L494F (TTG->TTT) ","DAK2 domain-containing protein",0,0,0,0,0,0,0,0,0,0,0,0,0,0,0,0,0,0,0,0,0,0,0,0,0,0,0,0,0,203.3
"2,098,376","+T","SP_RS11120/ltrA","intergenic (-289/+167)","MFS transporter/group II intron reverse transcriptase/maturase",0,0,0,0,0,0,0,0,0,0,0,0,0,0,0,0,0,0,0,0,0,0,0,0,0,0,0,0,0,200
