"position","mutation","gene","annotation","description","desc_annot"
"1,161,606","A->G","mutY/SP_1229","intergenic (-216/+112)","A/G-specific adenine glycosylase/formate--tetrahydrofolate ligase","A/G-specific adenine glycosylase/formate--tetrahydrofolate ligase intergenic"
"2,032,200","A->G","SP_RS13195","V60A (GTG->GCG) ","hypothetical protein","hypothetical protein V60A "
"257,368","A->G","SP_RS12625","pseudogene (27/75 nt)","UDP-galactopyranose mutase","UDP-galactopyranose mutase pseudogene"
"257,380","A->T","SP_RS12625","pseudogene (39/75 nt)","UDP-galactopyranose mutase","UDP-galactopyranose mutase pseudogene"
"528,222","C->G","SP_RS12670","pseudogene (51/75 nt)","UDP-galactopyranose mutase","UDP-galactopyranose mutase pseudogene"
"598,618","T->C","SP_RS12695","pseudogene (33/81 nt)","UDP-galactopyranose mutase","UDP-galactopyranose mutase pseudogene"
"598,637","G->A","SP_RS12695","pseudogene (14/81 nt)","UDP-galactopyranose mutase","UDP-galactopyranose mutase pseudogene"
"603,613","C->G","SP_RS12700","pseudogene (69/93 nt)","UDP-galactopyranose mutase","UDP-galactopyranose mutase pseudogene"
"603,637","T->C","SP_RS12700","pseudogene (45/93 nt)","UDP-galactopyranose mutase","UDP-galactopyranose mutase pseudogene"
"615,114","C->T","SP_RS12710","pseudogene (45/78 nt)","UDP-galactopyranose mutase","UDP-galactopyranose mutase pseudogene"
"615,124","A->T","SP_RS12710","pseudogene (55/78 nt)","UDP-galactopyranose mutase","UDP-galactopyranose mutase pseudogene"
"615,142","A->G","SP_RS12710","pseudogene (73/78 nt)","UDP-galactopyranose mutase","UDP-galactopyranose mutase pseudogene"
"615,144","G->A","SP_RS12710","pseudogene (75/78 nt)","UDP-galactopyranose mutase","UDP-galactopyranose mutase pseudogene"
"736,071","G->A","SP_RS13135","G13G (GGC->GGT) ","hypothetical protein","hypothetical protein G13G "
"743,900","C->T","SP_RS12735","pseudogene (75/81 nt)","UDP-galactopyranose mutase","UDP-galactopyranose mutase pseudogene"
"743,929","T->G","SP_RS12735/SP_RS13140","intergenic (+23/-146)","UDP-galactopyranose mutase/lysyl-tRNA synthetase","UDP-galactopyranose mutase/lysyl-tRNA synthetase intergenic"
"744,018","T->A","SP_RS12735/SP_RS13140","intergenic (+112/-57)","UDP-galactopyranose mutase/lysyl-tRNA synthetase","UDP-galactopyranose mutase/lysyl-tRNA synthetase intergenic"
"744,064","T->G","SP_RS12735/SP_RS13140","intergenic (+158/-11)","UDP-galactopyranose mutase/lysyl-tRNA synthetase","UDP-galactopyranose mutase/lysyl-tRNA synthetase intergenic"
"1,082,327","T->C","addA/SP_1153","intergenic (+48/-167)","helicase-exonuclease AddAB subunit AddA/hypothetical protein","helicase-exonuclease AddAB subunit AddA/hypothetical protein intergenic"
"1,082,331","T->G","addA/SP_1153","intergenic (+52/-163)","helicase-exonuclease AddAB subunit AddA/hypothetical protein","helicase-exonuclease AddAB subunit AddA/hypothetical protein intergenic"
"1,082,336","G->A","addA/SP_1153","intergenic (+57/-158)","helicase-exonuclease AddAB subunit AddA/hypothetical protein","helicase-exonuclease AddAB subunit AddA/hypothetical protein intergenic"
"1,082,448","T->C","addA/SP_1153","intergenic (+169/-46)","helicase-exonuclease AddAB subunit AddA/hypothetical protein","helicase-exonuclease AddAB subunit AddA/hypothetical protein intergenic"
"1,161,513","G->A","mutY/SP_1229","intergenic (-123/+205)","A/G-specific adenine glycosylase/formate--tetrahydrofolate ligase","A/G-specific adenine glycosylase/formate--tetrahydrofolate ligase intergenic"
"1,161,527","G->T","mutY/SP_1229","intergenic (-137/+191)","A/G-specific adenine glycosylase/formate--tetrahydrofolate ligase","A/G-specific adenine glycosylase/formate--tetrahydrofolate ligase intergenic"
"1,282,100","C->G","SP_RS12835","pseudogene (51/75 nt)","UDP-galactopyranose mutase","UDP-galactopyranose mutase pseudogene"
"1,282,112","G->A","SP_RS12835","pseudogene (39/75 nt)","UDP-galactopyranose mutase","UDP-galactopyranose mutase pseudogene"
"1,509,700","T->C","SP_RS12865","pseudogene (47/81 nt)","UDP-galactopyranose mutase","UDP-galactopyranose mutase pseudogene"
"1,509,705","C->T","SP_RS12865","pseudogene (42/81 nt)","UDP-galactopyranose mutase","UDP-galactopyranose mutase pseudogene"
"1,509,714","T->C","SP_RS12865","pseudogene (33/81 nt)","UDP-galactopyranose mutase","UDP-galactopyranose mutase pseudogene"
"1,509,726","T->C","SP_RS12865","pseudogene (21/81 nt)","UDP-galactopyranose mutase","UDP-galactopyranose mutase pseudogene"
"1,621,971","T->C","SP_RS12875","pseudogene (41/81 nt)","UDP-galactopyranose mutase","UDP-galactopyranose mutase pseudogene"
"1,621,974","A->G","SP_RS12875","pseudogene (44/81 nt)","UDP-galactopyranose mutase","UDP-galactopyranose mutase pseudogene"
"1,695,704","T->C","SP_RS12890","pseudogene (43/90 nt)","UDP-galactopyranose mutase","UDP-galactopyranose mutase pseudogene"
"1,695,724","G->A","SP_RS12890","pseudogene (63/90 nt)","UDP-galactopyranose mutase","UDP-galactopyranose mutase pseudogene"
"1,731,321","G->A","SP_RS12900","pseudogene (45/81 nt)","UDP-galactopyranose mutase","UDP-galactopyranose mutase pseudogene"
"1,731,333","T->C","SP_RS12900","pseudogene (33/81 nt)","UDP-galactopyranose mutase","UDP-galactopyranose mutase pseudogene"
"1,801,320","T->C","SP_RS12915","pseudogene (77/81 nt)","UDP-galactopyranose mutase","UDP-galactopyranose mutase pseudogene"
"1,801,321","C->T","SP_RS12915","pseudogene (76/81 nt)","UDP-galactopyranose mutase","UDP-galactopyranose mutase pseudogene"
"1,801,325","C->T","SP_RS12915","pseudogene (72/81 nt)","UDP-galactopyranose mutase","UDP-galactopyranose mutase pseudogene"
"2,029,536","C->T","SP_RS12930","pseudogene (72/81 nt)","UDP-galactopyranose mutase","UDP-galactopyranose mutase pseudogene"
"2,036,593","G->A","SP_RS12940","pseudogene (14/75 nt)","UDP-galactopyranose mutase","UDP-galactopyranose mutase pseudogene"
"2,036,603","A->G","SP_RS12940","pseudogene (24/75 nt)","UDP-galactopyranose mutase","UDP-galactopyranose mutase pseudogene"
"2,036,606","A->G","SP_RS12940","pseudogene (27/75 nt)","UDP-galactopyranose mutase","UDP-galactopyranose mutase pseudogene"
"1,600,887","A->T","SP_RS08385","G13G (GGT->GGA) ","hypothetical protein","hypothetical protein G13G "
"1,600,889","C->A","SP_RS08385","G13C (GGT->TGT) ","hypothetical protein","hypothetical protein G13C "
"1,600,895","T->C","SP_RS08385","T11A (ACC->GCC) ","hypothetical protein","hypothetical protein T11A "
"1,600,903","C->T","SP_RS08385","R8K (AGG->AAG) ","hypothetical protein","hypothetical protein R8K "
"2,026,472","T->A","SP_RS13190","pseudogene (20/81 nt)","UDP-galactopyranose mutase","UDP-galactopyranose mutase pseudogene"
"2,026,492","G->A","SP_RS13190","pseudogene (40/81 nt)","UDP-galactopyranose mutase","UDP-galactopyranose mutase pseudogene"
"2,029,575","C->T","SP_RS12930","pseudogene (33/81 nt)","UDP-galactopyranose mutase","UDP-galactopyranose mutase pseudogene"
"2,029,578","C->T","SP_RS12930","pseudogene (30/81 nt)","UDP-galactopyranose mutase","UDP-galactopyranose mutase pseudogene"
"615,088","C->T","SP_RS12710","pseudogene (19/78 nt)","UDP-galactopyranose mutase","UDP-galactopyranose mutase pseudogene"
"1,801,368","C->T","SP_RS12915","pseudogene (29/81 nt)","UDP-galactopyranose mutase","UDP-galactopyranose mutase pseudogene"
"2,026,506","A->G","SP_RS13190","pseudogene (54/81 nt)","UDP-galactopyranose mutase","UDP-galactopyranose mutase pseudogene"
"2,026,512","T->C","SP_RS13190","pseudogene (60/81 nt)","UDP-galactopyranose mutase","UDP-galactopyranose mutase pseudogene"
"2,029,559","A->G","SP_RS12930","pseudogene (49/81 nt)","UDP-galactopyranose mutase","UDP-galactopyranose mutase pseudogene"
"2,032,415","C->T","SP_RS12935","pseudogene (33/81 nt)","UDP-galactopyranose mutase","UDP-galactopyranose mutase pseudogene"
"2,032,418","C->T","SP_RS12935","pseudogene (30/81 nt)","UDP-galactopyranose mutase","UDP-galactopyranose mutase pseudogene"
"124,932","C->T","SP_RS13090","pseudogene (66/93 nt)","UDP-galactopyranose mutase","UDP-galactopyranose mutase pseudogene"
"124,945","A->G","SP_RS13090","pseudogene (53/93 nt)","UDP-galactopyranose mutase","UDP-galactopyranose mutase pseudogene"
"257,380","A->C","SP_RS12625","pseudogene (39/75 nt)","UDP-galactopyranose mutase","UDP-galactopyranose mutase pseudogene"
"257,406","C->T","SP_RS12625","pseudogene (65/75 nt)","UDP-galactopyranose mutase","UDP-galactopyranose mutase pseudogene"
"528,207","T->C","SP_RS12670","pseudogene (66/75 nt)","UDP-galactopyranose mutase","UDP-galactopyranose mutase pseudogene"
"596,625","G->A","SP_RS13010","G13G (GGC->GGT) ","hypothetical protein","hypothetical protein G13G "
"603,626","T->C","SP_RS12700","pseudogene (56/93 nt)","UDP-galactopyranose mutase","UDP-galactopyranose mutase pseudogene"
"615,099","G->A","SP_RS12710","pseudogene (30/78 nt)","UDP-galactopyranose mutase","UDP-galactopyranose mutase pseudogene"
"615,111","T->C","SP_RS12710","pseudogene (42/78 nt)","UDP-galactopyranose mutase","UDP-galactopyranose mutase pseudogene"
"743,858","G->A","SP_RS12735","pseudogene (33/81 nt)","UDP-galactopyranose mutase","UDP-galactopyranose mutase pseudogene"
"743,991","G->A","SP_RS12735/SP_RS13140","intergenic (+85/-84)","UDP-galactopyranose mutase/lysyl-tRNA synthetase","UDP-galactopyranose mutase/lysyl-tRNA synthetase intergenic"
"743,992","A->G","SP_RS12735/SP_RS13140","intergenic (+86/-83)","UDP-galactopyranose mutase/lysyl-tRNA synthetase","UDP-galactopyranose mutase/lysyl-tRNA synthetase intergenic"
"1,082,291","T->C","addA/SP_1153","intergenic (+12/-203)","helicase-exonuclease AddAB subunit AddA/hypothetical protein","helicase-exonuclease AddAB subunit AddA/hypothetical protein intergenic"
"1,082,406","T->C","addA/SP_1153","intergenic (+127/-88)","helicase-exonuclease AddAB subunit AddA/hypothetical protein","helicase-exonuclease AddAB subunit AddA/hypothetical protein intergenic"
"1,082,432","T->A","addA/SP_1153","intergenic (+153/-62)","helicase-exonuclease AddAB subunit AddA/hypothetical protein","helicase-exonuclease AddAB subunit AddA/hypothetical protein intergenic"
"1,082,433","G->A","addA/SP_1153","intergenic (+154/-61)","helicase-exonuclease AddAB subunit AddA/hypothetical protein","helicase-exonuclease AddAB subunit AddA/hypothetical protein intergenic"
"1,082,434","A->C","addA/SP_1153","intergenic (+155/-60)","helicase-exonuclease AddAB subunit AddA/hypothetical protein","helicase-exonuclease AddAB subunit AddA/hypothetical protein intergenic"
"1,082,435","T->C","addA/SP_1153","intergenic (+156/-59)","helicase-exonuclease AddAB subunit AddA/hypothetical protein","helicase-exonuclease AddAB subunit AddA/hypothetical protein intergenic"
"1,082,445","C->T","addA/SP_1153","intergenic (+166/-49)","helicase-exonuclease AddAB subunit AddA/hypothetical protein","helicase-exonuclease AddAB subunit AddA/hypothetical protein intergenic"
"1,082,469","T->C","addA/SP_1153","intergenic (+190/-25)","helicase-exonuclease AddAB subunit AddA/hypothetical protein","helicase-exonuclease AddAB subunit AddA/hypothetical protein intergenic"
"1,161,525","T->C","mutY/SP_1229","intergenic (-135/+193)","A/G-specific adenine glycosylase/formate--tetrahydrofolate ligase","A/G-specific adenine glycosylase/formate--tetrahydrofolate ligase intergenic"
"1,161,594","T->C","mutY/SP_1229","intergenic (-204/+124)","A/G-specific adenine glycosylase/formate--tetrahydrofolate ligase","A/G-specific adenine glycosylase/formate--tetrahydrofolate ligase intergenic"
"1,282,124","C->T","SP_RS12835","pseudogene (27/75 nt)","UDP-galactopyranose mutase","UDP-galactopyranose mutase pseudogene"
"1,509,675","C->T","SP_RS12865","pseudogene (72/81 nt)","UDP-galactopyranose mutase","UDP-galactopyranose mutase pseudogene"
"1,509,687","G->A","SP_RS12865","pseudogene (60/81 nt)","UDP-galactopyranose mutase","UDP-galactopyranose mutase pseudogene"
"1,509,693","C->T","SP_RS12865","pseudogene (54/81 nt)","UDP-galactopyranose mutase","UDP-galactopyranose mutase pseudogene"
"1,509,738","T->C","SP_RS12865","pseudogene (9/81 nt)","UDP-galactopyranose mutase","UDP-galactopyranose mutase pseudogene"
"1,600,887","A->G","SP_RS08385","G13G (GGT->GGC) ","hypothetical protein","hypothetical protein G13G "
"1,621,975","C->T","SP_RS12875","pseudogene (45/81 nt)","UDP-galactopyranose mutase","UDP-galactopyranose mutase pseudogene"
"1,656,266","G->A","SP_RS12885","pseudogene (58/81 nt)","UDP-galactopyranose mutase","UDP-galactopyranose mutase pseudogene"
"1,656,279","G->A","SP_RS12885","pseudogene (45/81 nt)","UDP-galactopyranose mutase","UDP-galactopyranose mutase pseudogene"
"1,695,703","G->A","SP_RS12890","pseudogene (42/90 nt)","UDP-galactopyranose mutase","UDP-galactopyranose mutase pseudogene"
"1,695,711","C->T","SP_RS12890","pseudogene (50/90 nt)","UDP-galactopyranose mutase","UDP-galactopyranose mutase pseudogene"
"1,695,715","T->C","SP_RS12890","pseudogene (54/90 nt)","UDP-galactopyranose mutase","UDP-galactopyranose mutase pseudogene"
"1,801,364","C->T","SP_RS12915","pseudogene (33/81 nt)","UDP-galactopyranose mutase","UDP-galactopyranose mutase pseudogene"
"2,029,563","A->G","SP_RS12930","pseudogene (45/81 nt)","UDP-galactopyranose mutase","UDP-galactopyranose mutase pseudogene"
"2,032,388","A->G","SP_RS12935","pseudogene (60/81 nt)","UDP-galactopyranose mutase","UDP-galactopyranose mutase pseudogene"
"2,032,394","T->C","SP_RS12935","pseudogene (54/81 nt)","UDP-galactopyranose mutase","UDP-galactopyranose mutase pseudogene"
"2,029,588","T->A","SP_RS12930","pseudogene (20/81 nt)","UDP-galactopyranose mutase","UDP-galactopyranose mutase pseudogene"
"257,346","A->G","SP_RS12625","pseudogene (5/75 nt)","UDP-galactopyranose mutase","UDP-galactopyranose mutase pseudogene"
"615,104","C->T","SP_RS12710","pseudogene (35/78 nt)","UDP-galactopyranose mutase","UDP-galactopyranose mutase pseudogene"
"1,801,360","C->T","SP_RS12915","pseudogene (37/81 nt)","UDP-galactopyranose mutase","UDP-galactopyranose mutase pseudogene"
"2,026,510","T->A","SP_RS13190","pseudogene (58/81 nt)","UDP-galactopyranose mutase","UDP-galactopyranose mutase pseudogene"
"2,026,511","G->A","SP_RS13190","pseudogene (59/81 nt)","UDP-galactopyranose mutase","UDP-galactopyranose mutase pseudogene"
"257,361","+T","SP_RS12625","pseudogene (20/75 nt)","UDP-galactopyranose mutase","UDP-galactopyranose mutase pseudogene"
"743,870","T->C","SP_RS12735","pseudogene (45/81 nt)","UDP-galactopyranose mutase","UDP-galactopyranose mutase pseudogene"
"2,032,411","C->T","SP_RS12935","pseudogene (37/81 nt)","UDP-galactopyranose mutase","UDP-galactopyranose mutase pseudogene"
"2,036,639","A->G","SP_RS12940","pseudogene (60/75 nt)","UDP-galactopyranose mutase","UDP-galactopyranose mutase pseudogene"
"1,684,469","+24 bp","SP_1772","coding (8242/14484 nt)","accessory Sec-dependent serine-rich glycoprotein adhesin","accessory Sec-dependent serine-rich glycoprotein adhesin coding"
"528,208","A->G","SP_RS12670","pseudogene (65/75 nt)","UDP-galactopyranose mutase","UDP-galactopyranose mutase pseudogene"
"598,606","A->G","SP_RS12695","pseudogene (45/81 nt)","UDP-galactopyranose mutase","UDP-galactopyranose mutase pseudogene"
"1,656,247","A->C","SP_RS12885","pseudogene (77/81 nt)","UDP-galactopyranose mutase","UDP-galactopyranose mutase pseudogene"
"1,731,294","C->T","SP_RS12900","pseudogene (72/81 nt)","UDP-galactopyranose mutase","UDP-galactopyranose mutase pseudogene"
"1,801,352","A->G","SP_RS12915","pseudogene (45/81 nt)","UDP-galactopyranose mutase","UDP-galactopyranose mutase pseudogene"
"2,026,485","G->A","SP_RS13190","pseudogene (33/81 nt)","UDP-galactopyranose mutase","UDP-galactopyranose mutase pseudogene"
"2,026,497","T->C","SP_RS13190","pseudogene (45/81 nt)","UDP-galactopyranose mutase","UDP-galactopyranose mutase pseudogene"
"2,029,537","A->G","SP_RS12930","pseudogene (71/81 nt)","UDP-galactopyranose mutase","UDP-galactopyranose mutase pseudogene"
"2,036,643","A->G","SP_RS12940","pseudogene (64/75 nt)","UDP-galactopyranose mutase","UDP-galactopyranose mutase pseudogene"
"528,246","C->T","SP_RS12670","pseudogene (27/75 nt)","UDP-galactopyranose mutase","UDP-galactopyranose mutase pseudogene"
"598,575","C->T","SP_RS12695","pseudogene (76/81 nt)","UDP-galactopyranose mutase","UDP-galactopyranose mutase pseudogene"
"743,896","T->C","SP_RS12735","pseudogene (71/81 nt)","UDP-galactopyranose mutase","UDP-galactopyranose mutase pseudogene"
"743,987","A->G","SP_RS12735/SP_RS13140","intergenic (+81/-88)","UDP-galactopyranose mutase/lysyl-tRNA synthetase","UDP-galactopyranose mutase/lysyl-tRNA synthetase intergenic"
"1,621,963","G->A","SP_RS12875","pseudogene (33/81 nt)","UDP-galactopyranose mutase","UDP-galactopyranose mutase pseudogene"
"1,656,285","G->A","SP_RS12885","pseudogene (39/81 nt)","UDP-galactopyranose mutase","UDP-galactopyranose mutase pseudogene"
"1,656,291","C->T","SP_RS12885","pseudogene (33/81 nt)","UDP-galactopyranose mutase","UDP-galactopyranose mutase pseudogene"
"1,731,312","T->C","SP_RS12900","pseudogene (54/81 nt)","UDP-galactopyranose mutase","UDP-galactopyranose mutase pseudogene"
"2,026,529","A->G","SP_RS13190","pseudogene (77/81 nt)","UDP-galactopyranose mutase","UDP-galactopyranose mutase pseudogene"
"598,591","A->G","SP_RS12695","pseudogene (60/81 nt)","UDP-galactopyranose mutase","UDP-galactopyranose mutase pseudogene"
"743,946","G->A","SP_RS12735/SP_RS13140","intergenic (+40/-129)","UDP-galactopyranose mutase/lysyl-tRNA synthetase","UDP-galactopyranose mutase/lysyl-tRNA synthetase intergenic"
"743,947","A->G","SP_RS12735/SP_RS13140","intergenic (+41/-128)","UDP-galactopyranose mutase/lysyl-tRNA synthetase","UDP-galactopyranose mutase/lysyl-tRNA synthetase intergenic"
"1,801,343","T->C","SP_RS12915","pseudogene (54/81 nt)","UDP-galactopyranose mutase","UDP-galactopyranose mutase pseudogene"
"1,801,349","G->A","SP_RS12915","pseudogene (48/81 nt)","UDP-galactopyranose mutase","UDP-galactopyranose mutase pseudogene"
"2,032,381","C->T","SP_RS12935","pseudogene (67/81 nt)","UDP-galactopyranose mutase","UDP-galactopyranose mutase pseudogene"
"2,032,391","G->C","SP_RS12935","pseudogene (57/81 nt)","UDP-galactopyranose mutase","UDP-galactopyranose mutase pseudogene"
"124,915","A->G","SP_RS13090","pseudogene (83/93 nt)","UDP-galactopyranose mutase","UDP-galactopyranose mutase pseudogene"
"124,926","G->A","SP_RS13090","pseudogene (72/93 nt)","UDP-galactopyranose mutase","UDP-galactopyranose mutase pseudogene"
"124,941","A->G","SP_RS13090","pseudogene (57/93 nt)","UDP-galactopyranose mutase","UDP-galactopyranose mutase pseudogene"
"463,584","T->C","SP_RS02385","G13G (GGT->GGC) ","hypothetical protein","hypothetical protein G13G "
"598,597","T->C","SP_RS12695","pseudogene (54/81 nt)","UDP-galactopyranose mutase","UDP-galactopyranose mutase pseudogene"
"1,082,317","T->G","addA/SP_1153","intergenic (+38/-177)","helicase-exonuclease AddAB subunit AddA/hypothetical protein","helicase-exonuclease AddAB subunit AddA/hypothetical protein intergenic"
"1,082,332","A->G","addA/SP_1153","intergenic (+53/-162)","helicase-exonuclease AddAB subunit AddA/hypothetical protein","helicase-exonuclease AddAB subunit AddA/hypothetical protein intergenic"
"1,082,407","A->G","addA/SP_1153","intergenic (+128/-87)","helicase-exonuclease AddAB subunit AddA/hypothetical protein","helicase-exonuclease AddAB subunit AddA/hypothetical protein intergenic"
"1,161,534","A->G","mutY/SP_1229","intergenic (-144/+184)","A/G-specific adenine glycosylase/formate--tetrahydrofolate ligase","A/G-specific adenine glycosylase/formate--tetrahydrofolate ligase intergenic"
"1,695,700","G->A","SP_RS12890","pseudogene (39/90 nt)","UDP-galactopyranose mutase","UDP-galactopyranose mutase pseudogene"
"1,731,357","C->T","SP_RS12900","pseudogene (9/81 nt)","UDP-galactopyranose mutase","UDP-galactopyranose mutase pseudogene"
"2,026,528","G->A","SP_RS13190","pseudogene (76/81 nt)","UDP-galactopyranose mutase","UDP-galactopyranose mutase pseudogene"
"2,029,550","A->T","SP_RS12930","pseudogene (58/81 nt)","UDP-galactopyranose mutase","UDP-galactopyranose mutase pseudogene"
"744,017","C->G","SP_RS12735/SP_RS13140","intergenic (+111/-58)","UDP-galactopyranose mutase/lysyl-tRNA synthetase","UDP-galactopyranose mutase/lysyl-tRNA synthetase intergenic"
"598,579","T->C","SP_RS12695","pseudogene (72/81 nt)","UDP-galactopyranose mutase","UDP-galactopyranose mutase pseudogene"
"257,389","G->A","SP_RS12625","pseudogene (48/75 nt)","UDP-galactopyranose mutase","UDP-galactopyranose mutase pseudogene"
"257,395","C->T","SP_RS12625","pseudogene (54/75 nt)","UDP-galactopyranose mutase","UDP-galactopyranose mutase pseudogene"
"1,082,394","G->A","addA/SP_1153","intergenic (+115/-100)","helicase-exonuclease AddAB subunit AddA/hypothetical protein","helicase-exonuclease AddAB subunit AddA/hypothetical protein intergenic"
"1,082,401","C->T","addA/SP_1153","intergenic (+122/-93)","helicase-exonuclease AddAB subunit AddA/hypothetical protein","helicase-exonuclease AddAB subunit AddA/hypothetical protein intergenic"
"1,695,730","T->C","SP_RS12890","pseudogene (69/90 nt)","UDP-galactopyranose mutase","UDP-galactopyranose mutase pseudogene"
"1,695,742","G->A","SP_RS12890","pseudogene (81/90 nt)","UDP-galactopyranose mutase","UDP-galactopyranose mutase pseudogene"
"528,234","A->G","SP_RS12670","pseudogene (39/75 nt)","UDP-galactopyranose mutase","UDP-galactopyranose mutase pseudogene"
"615,120","A->G","SP_RS12710","pseudogene (51/78 nt)","UDP-galactopyranose mutase","UDP-galactopyranose mutase pseudogene"
"615,126","T->C","SP_RS12710","pseudogene (57/78 nt)","UDP-galactopyranose mutase","UDP-galactopyranose mutase pseudogene"
"1,282,081","T->C","SP_RS12835","pseudogene (70/75 nt)","UDP-galactopyranose mutase","UDP-galactopyranose mutase pseudogene"
"2,036,618","T->C","SP_RS12940","pseudogene (39/75 nt)","UDP-galactopyranose mutase","UDP-galactopyranose mutase pseudogene"
"124,953","C->T","SP_RS13090","pseudogene (45/93 nt)","UDP-galactopyranose mutase","UDP-galactopyranose mutase pseudogene"
"257,407","A->G","SP_RS12625","pseudogene (66/75 nt)","UDP-galactopyranose mutase","UDP-galactopyranose mutase pseudogene"
"528,203","T->C","SP_RS12670","pseudogene (70/75 nt)","UDP-galactopyranose mutase","UDP-galactopyranose mutase pseudogene"
"528,231","G->A","SP_RS12670","pseudogene (42/75 nt)","UDP-galactopyranose mutase","UDP-galactopyranose mutase pseudogene"
"598,574","C->T","SP_RS12695","pseudogene (77/81 nt)","UDP-galactopyranose mutase","UDP-galactopyranose mutase pseudogene"
"743,883","T->A","SP_RS12735","pseudogene (58/81 nt)","UDP-galactopyranose mutase","UDP-galactopyranose mutase pseudogene"
"744,036","G->A","SP_RS12735/SP_RS13140","intergenic (+130/-39)","UDP-galactopyranose mutase/lysyl-tRNA synthetase","UDP-galactopyranose mutase/lysyl-tRNA synthetase intergenic"
"744,037","A->G","SP_RS12735/SP_RS13140","intergenic (+131/-38)","UDP-galactopyranose mutase/lysyl-tRNA synthetase","UDP-galactopyranose mutase/lysyl-tRNA synthetase intergenic"
"1,161,501","G->A","mutY/SP_1229","intergenic (-111/+217)","A/G-specific adenine glycosylase/formate--tetrahydrofolate ligase","A/G-specific adenine glycosylase/formate--tetrahydrofolate ligase intergenic"
"1,161,552","G->A","mutY/SP_1229","intergenic (-162/+166)","A/G-specific adenine glycosylase/formate--tetrahydrofolate ligase","A/G-specific adenine glycosylase/formate--tetrahydrofolate ligase intergenic"
"1,282,086","G->A","SP_RS12835","pseudogene (65/75 nt)","UDP-galactopyranose mutase","UDP-galactopyranose mutase pseudogene"
"1,801,388","C->T","SP_RS12915","pseudogene (9/81 nt)","UDP-galactopyranose mutase","UDP-galactopyranose mutase pseudogene"
"2,026,482","G->A","SP_RS13190","pseudogene (30/81 nt)","UDP-galactopyranose mutase","UDP-galactopyranose mutase pseudogene"
"2,029,551","G->C","SP_RS12930","pseudogene (57/81 nt)","UDP-galactopyranose mutase","UDP-galactopyranose mutase pseudogene"
"2,029,565","C->T","SP_RS12930","pseudogene (43/81 nt)","UDP-galactopyranose mutase","UDP-galactopyranose mutase pseudogene"
"2,032,403","A->G","SP_RS12935","pseudogene (45/81 nt)","UDP-galactopyranose mutase","UDP-galactopyranose mutase pseudogene"
"106,868","G->A","SP_RS00525","G13G (GGC->GGT) ","hypothetical protein","hypothetical protein G13G "
"257,412","G->A","SP_RS12625","pseudogene (71/75 nt)","UDP-galactopyranose mutase","UDP-galactopyranose mutase pseudogene"
"598,571","+C","SP_RS12695","pseudogene (80/81 nt)","UDP-galactopyranose mutase","UDP-galactopyranose mutase pseudogene"
"603,599","A->G","SP_RS12700","pseudogene (83/93 nt)","UDP-galactopyranose mutase","UDP-galactopyranose mutase pseudogene"
"603,670","C->T","SP_RS12700","pseudogene (12/93 nt)","UDP-galactopyranose mutase","UDP-galactopyranose mutase pseudogene"
"1,161,597","A->C","mutY/SP_1229","intergenic (-207/+121)","A/G-specific adenine glycosylase/formate--tetrahydrofolate ligase","A/G-specific adenine glycosylase/formate--tetrahydrofolate ligase intergenic"
"1,621,968","C->T","SP_RS12875","pseudogene (38/81 nt)","UDP-galactopyranose mutase","UDP-galactopyranose mutase pseudogene"
"1,621,985","T->C","SP_RS12875","pseudogene (55/81 nt)","UDP-galactopyranose mutase","UDP-galactopyranose mutase pseudogene"
"1,621,988","A->T","SP_RS12875","pseudogene (58/81 nt)","UDP-galactopyranose mutase","UDP-galactopyranose mutase pseudogene"
"1,731,325","G->A","SP_RS12900","pseudogene (41/81 nt)","UDP-galactopyranose mutase","UDP-galactopyranose mutase pseudogene"
"1,731,327","G->A","SP_RS12900","pseudogene (39/81 nt)","UDP-galactopyranose mutase","UDP-galactopyranose mutase pseudogene"
"2,026,481","G->A","SP_RS13190","pseudogene (29/81 nt)","UDP-galactopyranose mutase","UDP-galactopyranose mutase pseudogene"
"2,026,524","A->G","SP_RS13190","pseudogene (72/81 nt)","UDP-galactopyranose mutase","UDP-galactopyranose mutase pseudogene"
"528,219","A->G","SP_RS12670","pseudogene (54/75 nt)","UDP-galactopyranose mutase","UDP-galactopyranose mutase pseudogene"
"528,225","T->C","SP_RS12670","pseudogene (48/75 nt)","UDP-galactopyranose mutase","UDP-galactopyranose mutase pseudogene"
"598,580","A->G","SP_RS12695","pseudogene (71/81 nt)","UDP-galactopyranose mutase","UDP-galactopyranose mutase pseudogene"
"598,611","C->T","SP_RS12695","pseudogene (40/81 nt)","UDP-galactopyranose mutase","UDP-galactopyranose mutase pseudogene"
"603,661","C->T","SP_RS12700","pseudogene (21/93 nt)","UDP-galactopyranose mutase","UDP-galactopyranose mutase pseudogene"
"743,885","T->C","SP_RS12735","pseudogene (60/81 nt)","UDP-galactopyranose mutase","UDP-galactopyranose mutase pseudogene"
"834,866","T->C","SP_RS13165","G13G (GGT->GGC) ","hypothetical protein","hypothetical protein G13G "
"1,082,361","C->T","addA/SP_1153","intergenic (+82/-133)","helicase-exonuclease AddAB subunit AddA/hypothetical protein","helicase-exonuclease AddAB subunit AddA/hypothetical protein intergenic"
"2,026,523","T->C","SP_RS13190","pseudogene (71/81 nt)","UDP-galactopyranose mutase","UDP-galactopyranose mutase pseudogene"
"2,029,571","C->T","SP_RS12930","pseudogene (37/81 nt)","UDP-galactopyranose mutase","UDP-galactopyranose mutase pseudogene"
"743,986","T->C","SP_RS12735/SP_RS13140","intergenic (+80/-89)","UDP-galactopyranose mutase/lysyl-tRNA synthetase","UDP-galactopyranose mutase/lysyl-tRNA synthetase intergenic"
"1,082,400","T->C","addA/SP_1153","intergenic (+121/-94)","helicase-exonuclease AddAB subunit AddA/hypothetical protein","helicase-exonuclease AddAB subunit AddA/hypothetical protein intergenic"
"1,082,402","T->C","addA/SP_1153","intergenic (+123/-92)","helicase-exonuclease AddAB subunit AddA/hypothetical protein","helicase-exonuclease AddAB subunit AddA/hypothetical protein intergenic"
"1,731,306","A->G","SP_RS12900","pseudogene (60/81 nt)","UDP-galactopyranose mutase","UDP-galactopyranose mutase pseudogene"
"1,683,624","G->A","SP_1772","S3029S (AGC->AGT) ","accessory Sec-dependent serine-rich glycoprotein adhesin","accessory Sec-dependent serine-rich glycoprotein adhesin S3029S "
"1,691,343","C->A","SP_1772","A456A (GCG->GCT) ","accessory Sec-dependent serine-rich glycoprotein adhesin","accessory Sec-dependent serine-rich glycoprotein adhesin A456A "
"2,032,382","C->T","SP_RS12935","pseudogene (66/81 nt)","UDP-galactopyranose mutase","UDP-galactopyranose mutase pseudogene"
"1,082,399","T->C","addA/SP_1153","intergenic (+120/-95)","helicase-exonuclease AddAB subunit AddA/hypothetical protein","helicase-exonuclease AddAB subunit AddA/hypothetical protein intergenic"
"1,684,341","49 bp->C","SP_1772","coding (8322-8370/14484 nt)","accessory Sec-dependent serine-rich glycoprotein adhesin","accessory Sec-dependent serine-rich glycoprotein adhesin coding"
"1,678,796","+96 bp","SP_1772","coding (13915/14484 nt)","accessory Sec-dependent serine-rich glycoprotein adhesin","accessory Sec-dependent serine-rich glycoprotein adhesin coding"
"257,393","T->A","SP_RS12625","pseudogene (52/75 nt)","UDP-galactopyranose mutase","UDP-galactopyranose mutase pseudogene"
"744,031","T->C","SP_RS12735/SP_RS13140","intergenic (+125/-44)","UDP-galactopyranose mutase/lysyl-tRNA synthetase","UDP-galactopyranose mutase/lysyl-tRNA synthetase intergenic"
"1,082,375","A->G","addA/SP_1153","intergenic (+96/-119)","helicase-exonuclease AddAB subunit AddA/hypothetical protein","helicase-exonuclease AddAB subunit AddA/hypothetical protein intergenic"
"1,161,521","C->T","mutY/SP_1229","intergenic (-131/+197)","A/G-specific adenine glycosylase/formate--tetrahydrofolate ligase","A/G-specific adenine glycosylase/formate--tetrahydrofolate ligase intergenic"
"1,801,337","A->G","SP_RS12915","pseudogene (60/81 nt)","UDP-galactopyranose mutase","UDP-galactopyranose mutase pseudogene"
"2,029,567","G->A","SP_RS12930","pseudogene (41/81 nt)","UDP-galactopyranose mutase","UDP-galactopyranose mutase pseudogene"
"124,914","T->C","SP_RS13090","pseudogene (84/93 nt)","UDP-galactopyranose mutase","UDP-galactopyranose mutase pseudogene"
"528,235","C->T","SP_RS12670","pseudogene (38/75 nt)","UDP-galactopyranose mutase","UDP-galactopyranose mutase pseudogene"
"598,610","G->A","SP_RS12695","pseudogene (41/81 nt)","UDP-galactopyranose mutase","UDP-galactopyranose mutase pseudogene"
"743,879","A->G","SP_RS12735","pseudogene (54/81 nt)","UDP-galactopyranose mutase","UDP-galactopyranose mutase pseudogene"
"743,902","A->G","SP_RS12735","pseudogene (77/81 nt)","UDP-galactopyranose mutase","UDP-galactopyranose mutase pseudogene"
"1,082,325","G->A","addA/SP_1153","intergenic (+46/-169)","helicase-exonuclease AddAB subunit AddA/hypothetical protein","helicase-exonuclease AddAB subunit AddA/hypothetical protein intergenic"
"1,161,540","T->C","mutY/SP_1229","intergenic (-150/+178)","A/G-specific adenine glycosylase/formate--tetrahydrofolate ligase","A/G-specific adenine glycosylase/formate--tetrahydrofolate ligase intergenic"
"124,956","C->T","SP_RS13090","pseudogene (42/93 nt)","UDP-galactopyranose mutase","UDP-galactopyranose mutase pseudogene"
"744,005","C->T","SP_RS12735/SP_RS13140","intergenic (+99/-70)","UDP-galactopyranose mutase/lysyl-tRNA synthetase","UDP-galactopyranose mutase/lysyl-tRNA synthetase intergenic"
"1,082,315","G->A","addA/SP_1153","intergenic (+36/-179)","helicase-exonuclease AddAB subunit AddA/hypothetical protein","helicase-exonuclease AddAB subunit AddA/hypothetical protein intergenic"
"1,082,420","A->G","addA/SP_1153","intergenic (+141/-74)","helicase-exonuclease AddAB subunit AddA/hypothetical protein","helicase-exonuclease AddAB subunit AddA/hypothetical protein intergenic"
"1,622,007","A->G","SP_RS12875","pseudogene (77/81 nt)","UDP-galactopyranose mutase","UDP-galactopyranose mutase pseudogene"
"1,656,315","C->T","SP_RS12885","pseudogene (9/81 nt)","UDP-galactopyranose mutase","UDP-galactopyranose mutase pseudogene"
"2,026,530","A->G","SP_RS13190","pseudogene (78/81 nt)","UDP-galactopyranose mutase","UDP-galactopyranose mutase pseudogene"
"2,036,645","G->A","SP_RS12940","pseudogene (66/75 nt)","UDP-galactopyranose mutase","UDP-galactopyranose mutase pseudogene"
"2,029,541","C->T","SP_RS12930","pseudogene (67/81 nt)","UDP-galactopyranose mutase","UDP-galactopyranose mutase pseudogene"
"1,656,270","T->C","SP_RS12885","pseudogene (54/81 nt)","UDP-galactopyranose mutase","UDP-galactopyranose mutase pseudogene"
"598,594","G->C","SP_RS12695","pseudogene (57/81 nt)","UDP-galactopyranose mutase","UDP-galactopyranose mutase pseudogene"
"1,082,309","A->G","addA/SP_1153","intergenic (+30/-185)","helicase-exonuclease AddAB subunit AddA/hypothetical protein","helicase-exonuclease AddAB subunit AddA/hypothetical protein intergenic"
"598,621","C->T","SP_RS12695","pseudogene (30/81 nt)","UDP-galactopyranose mutase","UDP-galactopyranose mutase pseudogene"
"257,376","C->T","SP_RS12625","pseudogene (35/75 nt)","UDP-galactopyranose mutase","UDP-galactopyranose mutase pseudogene"
"1,082,335","+A","addA/SP_1153","intergenic (+56/-159)","helicase-exonuclease AddAB subunit AddA/hypothetical protein","helicase-exonuclease AddAB subunit AddA/hypothetical protein intergenic"
"1,691,976","G->A","SP_1772","G245G (GGC->GGT) ","accessory Sec-dependent serine-rich glycoprotein adhesin","accessory Sec-dependent serine-rich glycoprotein adhesin G245G "
"257,344","G->A","SP_RS12625","pseudogene (3/75 nt)","UDP-galactopyranose mutase","UDP-galactopyranose mutase pseudogene"
"1,731,323","C->T","SP_RS12900","pseudogene (43/81 nt)","UDP-galactopyranose mutase","UDP-galactopyranose mutase pseudogene"
"1,161,565","A->G","mutY/SP_1229","intergenic (-175/+153)","A/G-specific adenine glycosylase/formate--tetrahydrofolate ligase","A/G-specific adenine glycosylase/formate--tetrahydrofolate ligase intergenic"
"1,161,566","G->A","mutY/SP_1229","intergenic (-176/+152)","A/G-specific adenine glycosylase/formate--tetrahydrofolate ligase","A/G-specific adenine glycosylase/formate--tetrahydrofolate ligase intergenic"
"1,161,632","A->T","mutY/SP_1229","intergenic (-242/+86)","A/G-specific adenine glycosylase/formate--tetrahydrofolate ligase","A/G-specific adenine glycosylase/formate--tetrahydrofolate ligase intergenic"
"1,509,670","C->T","SP_RS12865","pseudogene (77/81 nt)","UDP-galactopyranose mutase","UDP-galactopyranose mutase pseudogene"
"615,075","G->A","SP_RS12710","pseudogene (6/78 nt)","UDP-galactopyranose mutase","UDP-galactopyranose mutase pseudogene"
"743,855","G->A","SP_RS12735","pseudogene (30/81 nt)","UDP-galactopyranose mutase","UDP-galactopyranose mutase pseudogene"
"743,863","C->T","SP_RS12735","pseudogene (38/81 nt)","UDP-galactopyranose mutase","UDP-galactopyranose mutase pseudogene"
"743,865","G->A","SP_RS12735","pseudogene (40/81 nt)","UDP-galactopyranose mutase","UDP-galactopyranose mutase pseudogene"
"743,972","C->T","SP_RS12735/SP_RS13140","intergenic (+66/-103)","UDP-galactopyranose mutase/lysyl-tRNA synthetase","UDP-galactopyranose mutase/lysyl-tRNA synthetase intergenic"
"743,973","T->A","SP_RS12735/SP_RS13140","intergenic (+67/-102)","UDP-galactopyranose mutase/lysyl-tRNA synthetase","UDP-galactopyranose mutase/lysyl-tRNA synthetase intergenic"
"743,990","+G","SP_RS12735/SP_RS13140","intergenic (+84/-85)","UDP-galactopyranose mutase/lysyl-tRNA synthetase","UDP-galactopyranose mutase/lysyl-tRNA synthetase intergenic"
"1,161,599","C->T","mutY/SP_1229","intergenic (-209/+119)","A/G-specific adenine glycosylase/formate--tetrahydrofolate ligase","A/G-specific adenine glycosylase/formate--tetrahydrofolate ligase intergenic"
"1,282,114","C->T","SP_RS12835","pseudogene (37/75 nt)","UDP-galactopyranose mutase","UDP-galactopyranose mutase pseudogene"
"1,656,252","T->C","SP_RS12885","pseudogene (72/81 nt)","UDP-galactopyranose mutase","UDP-galactopyranose mutase pseudogene"
"1,691,343","C->G","SP_1772","A456A (GCG->GCC) ","accessory Sec-dependent serine-rich glycoprotein adhesin","accessory Sec-dependent serine-rich glycoprotein adhesin A456A "
"1,691,352","T->C","SP_1772","S453S (TCA->TCG) ","accessory Sec-dependent serine-rich glycoprotein adhesin","accessory Sec-dependent serine-rich glycoprotein adhesin S453S "
"1,695,728","T->C","SP_RS12890","pseudogene (67/90 nt)","UDP-galactopyranose mutase","UDP-galactopyranose mutase pseudogene"
"2,032,408","C->T","SP_RS12935","pseudogene (40/81 nt)","UDP-galactopyranose mutase","UDP-galactopyranose mutase pseudogene"
"2,036,627","A->G","SP_RS12940","pseudogene (48/75 nt)","UDP-galactopyranose mutase","UDP-galactopyranose mutase pseudogene"
"2,036,633","T->C","SP_RS12940","pseudogene (54/75 nt)","UDP-galactopyranose mutase","UDP-galactopyranose mutase pseudogene"
"834,850","G->A","SP_RS13165","R8K (AGG->AAG) ","hypothetical protein","hypothetical protein R8K "
"1,656,304","T->A","SP_RS12885","pseudogene (20/81 nt)","UDP-galactopyranose mutase","UDP-galactopyranose mutase pseudogene"
"1,731,302","C->T","SP_RS12900","pseudogene (64/81 nt)","UDP-galactopyranose mutase","UDP-galactopyranose mutase pseudogene"
"124,909","C->T","SP_RS13090","pseudogene (89/93 nt)","UDP-galactopyranose mutase","UDP-galactopyranose mutase pseudogene"
"743,866","C->T","SP_RS12735","pseudogene (41/81 nt)","UDP-galactopyranose mutase","UDP-galactopyranose mutase pseudogene"
"1,161,518","C->T","mutY/SP_1229","intergenic (-128/+200)","A/G-specific adenine glycosylase/formate--tetrahydrofolate ligase","A/G-specific adenine glycosylase/formate--tetrahydrofolate ligase intergenic"
"1,161,560","C->T","mutY/SP_1229","intergenic (-170/+158)","A/G-specific adenine glycosylase/formate--tetrahydrofolate ligase","A/G-specific adenine glycosylase/formate--tetrahydrofolate ligase intergenic"
"1,161,569","T->C","mutY/SP_1229","intergenic (-179/+149)","A/G-specific adenine glycosylase/formate--tetrahydrofolate ligase","A/G-specific adenine glycosylase/formate--tetrahydrofolate ligase intergenic"
"743,873","C->T","SP_RS12735","pseudogene (48/81 nt)","UDP-galactopyranose mutase","UDP-galactopyranose mutase pseudogene"
"1,161,489","G->A","mutY/SP_1229","intergenic (-99/+229)","A/G-specific adenine glycosylase/formate--tetrahydrofolate ligase","A/G-specific adenine glycosylase/formate--tetrahydrofolate ligase intergenic"
"744,008","C->T","SP_RS12735/SP_RS13140","intergenic (+102/-67)","UDP-galactopyranose mutase/lysyl-tRNA synthetase","UDP-galactopyranose mutase/lysyl-tRNA synthetase intergenic"
"1,282,078","T->C","SP_RS12835","pseudogene (73/75 nt)","UDP-galactopyranose mutase","UDP-galactopyranose mutase pseudogene"
"1,902,212","G->A","SP_RS10045","G13G (GGC->GGT) ","hypothetical protein","hypothetical protein G13G "
"1,656,264","A->G","SP_RS12885","pseudogene (60/81 nt)","UDP-galactopyranose mutase","UDP-galactopyranose mutase pseudogene"
"1,801,339","A->T","SP_RS12915","pseudogene (58/81 nt)","UDP-galactopyranose mutase","UDP-galactopyranose mutase pseudogene"
"615,096","G->A","SP_RS12710","pseudogene (27/78 nt)","UDP-galactopyranose mutase","UDP-galactopyranose mutase pseudogene"
"1,161,519","C->T","mutY/SP_1229","intergenic (-129/+199)","A/G-specific adenine glycosylase/formate--tetrahydrofolate ligase","A/G-specific adenine glycosylase/formate--tetrahydrofolate ligase intergenic"
"1,282,080","C->T","SP_RS12835","pseudogene (71/75 nt)","UDP-galactopyranose mutase","UDP-galactopyranose mutase pseudogene"
"1,622,006","A->G","SP_RS12875","pseudogene (76/81 nt)","UDP-galactopyranose mutase","UDP-galactopyranose mutase pseudogene"
"1,622,006","+G","SP_RS12875","pseudogene (76/81 nt)","UDP-galactopyranose mutase","UDP-galactopyranose mutase pseudogene"
"1,621,939","G->A","SP_RS12875","pseudogene (9/81 nt)","UDP-galactopyranose mutase","UDP-galactopyranose mutase pseudogene"
"2,029,568","C->T","SP_RS12930","pseudogene (40/81 nt)","UDP-galactopyranose mutase","UDP-galactopyranose mutase pseudogene"
"1,681,833","A->T","SP_1772","A3626A (GCT->GCA) ","accessory Sec-dependent serine-rich glycoprotein adhesin","accessory Sec-dependent serine-rich glycoprotein adhesin A3626A "
"1,161,517","G->A","mutY/SP_1229","intergenic (-127/+201)","A/G-specific adenine glycosylase/formate--tetrahydrofolate ligase","A/G-specific adenine glycosylase/formate--tetrahydrofolate ligase intergenic"
"1,801,367","C->T","SP_RS12915","pseudogene (30/81 nt)","UDP-galactopyranose mutase","UDP-galactopyranose mutase pseudogene"
"1,684,452","4 bp->28 bp","SP_1772","coding (8256-8259/14484 nt)","accessory Sec-dependent serine-rich glycoprotein adhesin","accessory Sec-dependent serine-rich glycoprotein adhesin coding"
"124,928","A->T","SP_RS13090","pseudogene (70/93 nt)","UDP-galactopyranose mutase","UDP-galactopyranose mutase pseudogene"
"528,212","C->T","SP_RS12670","pseudogene (61/75 nt)","UDP-galactopyranose mutase","UDP-galactopyranose mutase pseudogene"
"603,594","C->T","SP_RS12700","pseudogene (88/93 nt)","UDP-galactopyranose mutase","UDP-galactopyranose mutase pseudogene"
"1,656,253","A->G","SP_RS12885","pseudogene (71/81 nt)","UDP-galactopyranose mutase","UDP-galactopyranose mutase pseudogene"
"603,625","A->G","SP_RS12700","pseudogene (57/93 nt)","UDP-galactopyranose mutase","UDP-galactopyranose mutase pseudogene"
"1,161,537","C->G","mutY/SP_1229","intergenic (-147/+181)","A/G-specific adenine glycosylase/formate--tetrahydrofolate ligase","A/G-specific adenine glycosylase/formate--tetrahydrofolate ligase intergenic"
"1,656,294","C->T","SP_RS12885","pseudogene (30/81 nt)","UDP-galactopyranose mutase","UDP-galactopyranose mutase pseudogene"
"528,239","C->T","SP_RS12670","pseudogene (34/75 nt)","UDP-galactopyranose mutase","UDP-galactopyranose mutase pseudogene"
"1,161,509","G->A","mutY/SP_1229","intergenic (-119/+209)","A/G-specific adenine glycosylase/formate--tetrahydrofolate ligase","A/G-specific adenine glycosylase/formate--tetrahydrofolate ligase intergenic"
"1,282,127","C->T","SP_RS12835","pseudogene (24/75 nt)","UDP-galactopyranose mutase","UDP-galactopyranose mutase pseudogene"
"1,801,376","C->T","SP_RS12915","pseudogene (21/81 nt)","UDP-galactopyranose mutase","UDP-galactopyranose mutase pseudogene"
"2,029,554","T->C","SP_RS12930","pseudogene (54/81 nt)","UDP-galactopyranose mutase","UDP-galactopyranose mutase pseudogene"
"124,910","T->C","SP_RS13090","pseudogene (88/93 nt)","UDP-galactopyranose mutase","UDP-galactopyranose mutase pseudogene"
"1,801,358","G->A","SP_RS12915","pseudogene (39/81 nt)","UDP-galactopyranose mutase","UDP-galactopyranose mutase pseudogene"
"2,026,501","T->C","SP_RS13190","pseudogene (49/81 nt)","UDP-galactopyranose mutase","UDP-galactopyranose mutase pseudogene"
"2,026,500","C->T","SP_RS13190","pseudogene (48/81 nt)","UDP-galactopyranose mutase","UDP-galactopyranose mutase pseudogene"
"1,691,319","25 bp->49 bp","SP_1772","coding (1368-1392/14484 nt)","accessory Sec-dependent serine-rich glycoprotein adhesin","accessory Sec-dependent serine-rich glycoprotein adhesin coding"
"744,035","T->C","SP_RS12735/SP_RS13140","intergenic (+129/-40)","UDP-galactopyranose mutase/lysyl-tRNA synthetase","UDP-galactopyranose mutase/lysyl-tRNA synthetase intergenic"
"1,801,340","G->C","SP_RS12915","pseudogene (57/81 nt)","UDP-galactopyranose mutase","UDP-galactopyranose mutase pseudogene"
"1,691,343","C->T","SP_1772","A456A (GCG->GCA) ","accessory Sec-dependent serine-rich glycoprotein adhesin","accessory Sec-dependent serine-rich glycoprotein adhesin A456A "
"1,681,833","A->C","SP_1772","A3626A (GCT->GCG) ","accessory Sec-dependent serine-rich glycoprotein adhesin","accessory Sec-dependent serine-rich glycoprotein adhesin A3626A "
"743,882","C->G","SP_RS12735","pseudogene (57/81 nt)","UDP-galactopyranose mutase","UDP-galactopyranose mutase pseudogene"
"1,082,320","G->A","addA/SP_1153","intergenic (+41/-174)","helicase-exonuclease AddAB subunit AddA/hypothetical protein","helicase-exonuclease AddAB subunit AddA/hypothetical protein intergenic"
"1,282,137","T->A","SP_RS12835","pseudogene (14/75 nt)","UDP-galactopyranose mutase","UDP-galactopyranose mutase pseudogene"
"2,026,531","A->G","SP_RS13190","pseudogene (79/81 nt)","UDP-galactopyranose mutase","UDP-galactopyranose mutase pseudogene"
"2,029,532","T->C","SP_RS12930","pseudogene (76/81 nt)","UDP-galactopyranose mutase","UDP-galactopyranose mutase pseudogene"
"2,029,550","A->G","SP_RS12930","pseudogene (58/81 nt)","UDP-galactopyranose mutase","UDP-galactopyranose mutase pseudogene"
"2,036,631","T->A","SP_RS12940","pseudogene (52/75 nt)","UDP-galactopyranose mutase","UDP-galactopyranose mutase pseudogene"
"1,695,728","T->A","SP_RS12890","pseudogene (67/90 nt)","UDP-galactopyranose mutase","UDP-galactopyranose mutase pseudogene"
"1,801,354","C->T","SP_RS12915","pseudogene (43/81 nt)","UDP-galactopyranose mutase","UDP-galactopyranose mutase pseudogene"
"1,082,300","1 bp","addA/SP_1153","intergenic (+21/-194)","helicase-exonuclease AddAB subunit AddA/hypothetical protein","helicase-exonuclease AddAB subunit AddA/hypothetical protein intergenic"
"1,082,301","1 bp","addA/SP_1153","intergenic (+22/-193)","helicase-exonuclease AddAB subunit AddA/hypothetical protein","helicase-exonuclease AddAB subunit AddA/hypothetical protein intergenic"
"1,801,348","A->G","SP_RS12915","pseudogene (49/81 nt)","UDP-galactopyranose mutase","UDP-galactopyranose mutase pseudogene"
"1,082,420","A->C","addA/SP_1153","intergenic (+141/-74)","helicase-exonuclease AddAB subunit AddA/hypothetical protein","helicase-exonuclease AddAB subunit AddA/hypothetical protein intergenic"
"1,082,421","G->A","addA/SP_1153","intergenic (+142/-73)","helicase-exonuclease AddAB subunit AddA/hypothetical protein","helicase-exonuclease AddAB subunit AddA/hypothetical protein intergenic"
"598,593","A->T","SP_RS12695","pseudogene (58/81 nt)","UDP-galactopyranose mutase","UDP-galactopyranose mutase pseudogene"
"1,622,001","C->T","SP_RS12875","pseudogene (71/81 nt)","UDP-galactopyranose mutase","UDP-galactopyranose mutase pseudogene"
"2,026,491","C->T","SP_RS13190","pseudogene (39/81 nt)","UDP-galactopyranose mutase","UDP-galactopyranose mutase pseudogene"
"1,695,747","G->A","SP_RS12890","pseudogene (86/90 nt)","UDP-galactopyranose mutase","UDP-galactopyranose mutase pseudogene"
"1,161,520","G->A","mutY/SP_1229","intergenic (-130/+198)","A/G-specific adenine glycosylase/formate--tetrahydrofolate ligase","A/G-specific adenine glycosylase/formate--tetrahydrofolate ligase intergenic"
"744,042","G->A","SP_RS12735/SP_RS13140","intergenic (+136/-33)","UDP-galactopyranose mutase/lysyl-tRNA synthetase","UDP-galactopyranose mutase/lysyl-tRNA synthetase intergenic"
"743,964","T->C","SP_RS12735/SP_RS13140","intergenic (+58/-111)","UDP-galactopyranose mutase/lysyl-tRNA synthetase","UDP-galactopyranose mutase/lysyl-tRNA synthetase intergenic"
"1,731,336","C->T","SP_RS12900","pseudogene (30/81 nt)","UDP-galactopyranose mutase","UDP-galactopyranose mutase pseudogene"
"2,026,510","T->G","SP_RS13190","pseudogene (58/81 nt)","UDP-galactopyranose mutase","UDP-galactopyranose mutase pseudogene"
"1,082,375","A->C","addA/SP_1153","intergenic (+96/-119)","helicase-exonuclease AddAB subunit AddA/hypothetical protein","helicase-exonuclease AddAB subunit AddA/hypothetical protein intergenic"
"2,026,509","C->G","SP_RS13190","pseudogene (57/81 nt)","UDP-galactopyranose mutase","UDP-galactopyranose mutase pseudogene"
"528,202","C->T","SP_RS12670","pseudogene (71/75 nt)","UDP-galactopyranose mutase","UDP-galactopyranose mutase pseudogene"
"124,958","+A","SP_RS13090","pseudogene (40/93 nt)","UDP-galactopyranose mutase","UDP-galactopyranose mutase pseudogene"
"1,801,359","G->A","SP_RS12915","pseudogene (38/81 nt)","UDP-galactopyranose mutase","UDP-galactopyranose mutase pseudogene"
"743,845","A->T","SP_RS12735","pseudogene (20/81 nt)","UDP-galactopyranose mutase","UDP-galactopyranose mutase pseudogene"
"1,161,510","G->A","mutY/SP_1229","intergenic (-120/+208)","A/G-specific adenine glycosylase/formate--tetrahydrofolate ligase","A/G-specific adenine glycosylase/formate--tetrahydrofolate ligase intergenic"
"1,801,357","C->T","SP_RS12915","pseudogene (40/81 nt)","UDP-galactopyranose mutase","UDP-galactopyranose mutase pseudogene"
"528,202","C->A","SP_RS12670","pseudogene (71/75 nt)","UDP-galactopyranose mutase","UDP-galactopyranose mutase pseudogene"
"1,695,741","T->C","SP_RS12890","pseudogene (80/90 nt)","UDP-galactopyranose mutase","UDP-galactopyranose mutase pseudogene"
"598,612","G->A","SP_RS12695","pseudogene (39/81 nt)","UDP-galactopyranose mutase","UDP-galactopyranose mutase pseudogene"
"124,947","G->A","SP_RS13090","pseudogene (51/93 nt)","UDP-galactopyranose mutase","UDP-galactopyranose mutase pseudogene"
"1,731,289","C->T","SP_RS12900","pseudogene (77/81 nt)","UDP-galactopyranose mutase","UDP-galactopyranose mutase pseudogene"
"743,963","C->T","SP_RS12735/SP_RS13140","intergenic (+57/-112)","UDP-galactopyranose mutase/lysyl-tRNA synthetase","UDP-galactopyranose mutase/lysyl-tRNA synthetase intergenic"
"2,026,528","+G","SP_RS13190","pseudogene (76/81 nt)","UDP-galactopyranose mutase","UDP-galactopyranose mutase pseudogene"
"743,846","G->A","SP_RS12735","pseudogene (21/81 nt)","UDP-galactopyranose mutase","UDP-galactopyranose mutase pseudogene"
"1,801,353","C->T","SP_RS12915","pseudogene (44/81 nt)","UDP-galactopyranose mutase","UDP-galactopyranose mutase pseudogene"
"603,649","C->T","SP_RS12700","pseudogene (33/93 nt)","UDP-galactopyranose mutase","UDP-galactopyranose mutase pseudogene"
"743,934","G->A","SP_RS12735/SP_RS13140","intergenic (+28/-141)","UDP-galactopyranose mutase/lysyl-tRNA synthetase","UDP-galactopyranose mutase/lysyl-tRNA synthetase intergenic"
"743,942","A->G","SP_RS12735/SP_RS13140","intergenic (+36/-133)","UDP-galactopyranose mutase/lysyl-tRNA synthetase","UDP-galactopyranose mutase/lysyl-tRNA synthetase intergenic"
"743,945","T->C","SP_RS12735/SP_RS13140","intergenic (+39/-130)","UDP-galactopyranose mutase/lysyl-tRNA synthetase","UDP-galactopyranose mutase/lysyl-tRNA synthetase intergenic"
"743,948","A->G","SP_RS12735/SP_RS13140","intergenic (+42/-127)","UDP-galactopyranose mutase/lysyl-tRNA synthetase","UDP-galactopyranose mutase/lysyl-tRNA synthetase intergenic"
"743,973","T->G","SP_RS12735/SP_RS13140","intergenic (+67/-102)","UDP-galactopyranose mutase/lysyl-tRNA synthetase","UDP-galactopyranose mutase/lysyl-tRNA synthetase intergenic"
"743,979","G->A","SP_RS12735/SP_RS13140","intergenic (+73/-96)","UDP-galactopyranose mutase/lysyl-tRNA synthetase","UDP-galactopyranose mutase/lysyl-tRNA synthetase intergenic"
"744,009","T->C","SP_RS12735/SP_RS13140","intergenic (+103/-66)","UDP-galactopyranose mutase/lysyl-tRNA synthetase","UDP-galactopyranose mutase/lysyl-tRNA synthetase intergenic"
"744,017","C->T","SP_RS12735/SP_RS13140","intergenic (+111/-58)","UDP-galactopyranose mutase/lysyl-tRNA synthetase","UDP-galactopyranose mutase/lysyl-tRNA synthetase intergenic"
"744,018","T->G","SP_RS12735/SP_RS13140","intergenic (+112/-57)","UDP-galactopyranose mutase/lysyl-tRNA synthetase","UDP-galactopyranose mutase/lysyl-tRNA synthetase intergenic"
"1,282,085","T->C","SP_RS12835","pseudogene (66/75 nt)","UDP-galactopyranose mutase","UDP-galactopyranose mutase pseudogene"
"1,282,100","C->T","SP_RS12835","pseudogene (51/75 nt)","UDP-galactopyranose mutase","UDP-galactopyranose mutase pseudogene"
"1,282,101","T->G","SP_RS12835","pseudogene (50/75 nt)","UDP-galactopyranose mutase","UDP-galactopyranose mutase pseudogene"
"1,801,342","G->A","SP_RS12915","pseudogene (55/81 nt)","UDP-galactopyranose mutase","UDP-galactopyranose mutase pseudogene"
"1,731,309","G->C","SP_RS12900","pseudogene (57/81 nt)","UDP-galactopyranose mutase","UDP-galactopyranose mutase pseudogene"
"1,678,542","+G","SP_1772","coding (14169/14484 nt)","accessory Sec-dependent serine-rich glycoprotein adhesin","accessory Sec-dependent serine-rich glycoprotein adhesin coding"
"1,678,542:2","+A","SP_1772","coding (14169/14484 nt)","accessory Sec-dependent serine-rich glycoprotein adhesin","accessory Sec-dependent serine-rich glycoprotein adhesin coding"
"1,678,542:3","+G","SP_1772","coding (14169/14484 nt)","accessory Sec-dependent serine-rich glycoprotein adhesin","accessory Sec-dependent serine-rich glycoprotein adhesin coding"
"1,678,542:4","+G","SP_1772","coding (14169/14484 nt)","accessory Sec-dependent serine-rich glycoprotein adhesin","accessory Sec-dependent serine-rich glycoprotein adhesin coding"
"1,678,542:5","+C","SP_1772","coding (14169/14484 nt)","accessory Sec-dependent serine-rich glycoprotein adhesin","accessory Sec-dependent serine-rich glycoprotein adhesin coding"
"1,678,542:6","+C","SP_1772","coding (14169/14484 nt)","accessory Sec-dependent serine-rich glycoprotein adhesin","accessory Sec-dependent serine-rich glycoprotein adhesin coding"
"1,678,545","6 bp","SP_1772","coding (14161-14166/14484 nt)","accessory Sec-dependent serine-rich glycoprotein adhesin","accessory Sec-dependent serine-rich glycoprotein adhesin coding"
"1,801,385:4","+A","SP_RS12915","pseudogene (12/81 nt)","UDP-galactopyranose mutase","UDP-galactopyranose mutase pseudogene"
"598,587","C->T","SP_RS12695","pseudogene (64/81 nt)","UDP-galactopyranose mutase","UDP-galactopyranose mutase pseudogene"
"598,605","A->T","SP_RS12695","pseudogene (46/81 nt)","UDP-galactopyranose mutase","UDP-galactopyranose mutase pseudogene"
"598,609","T->C","SP_RS12695","pseudogene (42/81 nt)","UDP-galactopyranose mutase","UDP-galactopyranose mutase pseudogene"
"598,593","A->G","SP_RS12695","pseudogene (58/81 nt)","UDP-galactopyranose mutase","UDP-galactopyranose mutase pseudogene"
"1,680,429","C->G","SP_1772","T4094T (ACG->ACC) ","accessory Sec-dependent serine-rich glycoprotein adhesin","accessory Sec-dependent serine-rich glycoprotein adhesin T4094T "
"1,656,247","A->T","SP_RS12885","pseudogene (77/81 nt)","UDP-galactopyranose mutase","UDP-galactopyranose mutase pseudogene"
"615,143","A->G","SP_RS12710","pseudogene (74/78 nt)","UDP-galactopyranose mutase","UDP-galactopyranose mutase pseudogene"
"743,901","G->A","SP_RS12735","pseudogene (76/81 nt)","UDP-galactopyranose mutase","UDP-galactopyranose mutase pseudogene"
"2,029,531","C->T","SP_RS12930","pseudogene (77/81 nt)","UDP-galactopyranose mutase","UDP-galactopyranose mutase pseudogene"
"615,137","T->C","SP_RS12710","pseudogene (68/78 nt)","UDP-galactopyranose mutase","UDP-galactopyranose mutase pseudogene"
"1,082,356","C->T","addA/SP_1153","intergenic (+77/-138)","helicase-exonuclease AddAB subunit AddA/hypothetical protein","helicase-exonuclease AddAB subunit AddA/hypothetical protein intergenic"
"2,029,560","G->A","SP_RS12930","pseudogene (48/81 nt)","UDP-galactopyranose mutase","UDP-galactopyranose mutase pseudogene"
"1,622,010","C->G","SP_RS12875","pseudogene (80/81 nt)","UDP-galactopyranose mutase","UDP-galactopyranose mutase pseudogene"
"1,161,689","C->A","mutY/SP_1229","intergenic (-299/+29)","A/G-specific adenine glycosylase/formate--tetrahydrofolate ligase","A/G-specific adenine glycosylase/formate--tetrahydrofolate ligase intergenic"
"743,864","C->T","SP_RS12735","pseudogene (39/81 nt)","UDP-galactopyranose mutase","UDP-galactopyranose mutase pseudogene"
"1,082,376","G->A","addA/SP_1153","intergenic (+97/-118)","helicase-exonuclease AddAB subunit AddA/hypothetical protein","helicase-exonuclease AddAB subunit AddA/hypothetical protein intergenic"
"1,656,248","T->C","SP_RS12885","pseudogene (76/81 nt)","UDP-galactopyranose mutase","UDP-galactopyranose mutase pseudogene"
"1,656,267","G->C","SP_RS12885","pseudogene (57/81 nt)","UDP-galactopyranose mutase","UDP-galactopyranose mutase pseudogene"
"1,731,290","T->C","SP_RS12900","pseudogene (76/81 nt)","UDP-galactopyranose mutase","UDP-galactopyranose mutase pseudogene"
"528,241","G->C","SP_RS12670","pseudogene (32/75 nt)","UDP-galactopyranose mutase","UDP-galactopyranose mutase pseudogene"
"1,656,281","C->T","SP_RS12885","pseudogene (43/81 nt)","UDP-galactopyranose mutase","UDP-galactopyranose mutase pseudogene"
"1,161,623","G->A","mutY/SP_1229","intergenic (-233/+95)","A/G-specific adenine glycosylase/formate--tetrahydrofolate ligase","A/G-specific adenine glycosylase/formate--tetrahydrofolate ligase intergenic"
"1,656,309","G->T","SP_RS12885","pseudogene (15/81 nt)","UDP-galactopyranose mutase","UDP-galactopyranose mutase pseudogene"
"1,681,833","A->G","SP_1772","A3626A (GCT->GCC) ","accessory Sec-dependent serine-rich glycoprotein adhesin","accessory Sec-dependent serine-rich glycoprotein adhesin A3626A "
"615,107","C->T","SP_RS12710","pseudogene (38/78 nt)","UDP-galactopyranose mutase","UDP-galactopyranose mutase pseudogene"
"1,656,266","G->T","SP_RS12885","pseudogene (58/81 nt)","UDP-galactopyranose mutase","UDP-galactopyranose mutase pseudogene"
"1,683,648","1 bp","SP_1772","coding (9063/14484 nt)","accessory Sec-dependent serine-rich glycoprotein adhesin","accessory Sec-dependent serine-rich glycoprotein adhesin coding"
"1,683,649","1 bp","SP_1772","coding (9062/14484 nt)","accessory Sec-dependent serine-rich glycoprotein adhesin","accessory Sec-dependent serine-rich glycoprotein adhesin coding"
"744,071","G->A","SP_RS12735/SP_RS13140","intergenic (+165/-4)","UDP-galactopyranose mutase/lysyl-tRNA synthetase","UDP-galactopyranose mutase/lysyl-tRNA synthetase intergenic"
"1,683,944","+90 bp","SP_1772","coding (8767/14484 nt)","accessory Sec-dependent serine-rich glycoprotein adhesin","accessory Sec-dependent serine-rich glycoprotein adhesin coding"
"743,990","T->C","SP_RS12735/SP_RS13140","intergenic (+84/-85)","UDP-galactopyranose mutase/lysyl-tRNA synthetase","UDP-galactopyranose mutase/lysyl-tRNA synthetase intergenic"
"528,219","A->C","SP_RS12670","pseudogene (54/75 nt)","UDP-galactopyranose mutase","UDP-galactopyranose mutase pseudogene"
"744,004","T->A","SP_RS12735/SP_RS13140","intergenic (+98/-71)","UDP-galactopyranose mutase/lysyl-tRNA synthetase","UDP-galactopyranose mutase/lysyl-tRNA synthetase intergenic"
"1,282,125","T->C","SP_RS12835","pseudogene (26/75 nt)","UDP-galactopyranose mutase","UDP-galactopyranose mutase pseudogene"
"1,731,294","C->A","SP_RS12900","pseudogene (72/81 nt)","UDP-galactopyranose mutase","UDP-galactopyranose mutase pseudogene"
"1,731,321","G->T","SP_RS12900","pseudogene (45/81 nt)","UDP-galactopyranose mutase","UDP-galactopyranose mutase pseudogene"
"1,731,323","C->A","SP_RS12900","pseudogene (43/81 nt)","UDP-galactopyranose mutase","UDP-galactopyranose mutase pseudogene"
"1,731,308","A->G","SP_RS12900","pseudogene (58/81 nt)","UDP-galactopyranose mutase","UDP-galactopyranose mutase pseudogene"
"257,369","C->T","SP_RS12625","pseudogene (28/75 nt)","UDP-galactopyranose mutase","UDP-galactopyranose mutase pseudogene"
"1,082,488","G->A","addA/SP_1153","intergenic (+209/-6)","helicase-exonuclease AddAB subunit AddA/hypothetical protein","helicase-exonuclease AddAB subunit AddA/hypothetical protein intergenic"
"1,082,491","C->T","addA/SP_1153","intergenic (+212/-3)","helicase-exonuclease AddAB subunit AddA/hypothetical protein","helicase-exonuclease AddAB subunit AddA/hypothetical protein intergenic"
"615,124","A->C","SP_RS12710","pseudogene (55/78 nt)","UDP-galactopyranose mutase","UDP-galactopyranose mutase pseudogene"
"1,731,295","A->G","SP_RS12900","pseudogene (71/81 nt)","UDP-galactopyranose mutase","UDP-galactopyranose mutase pseudogene"
"603,598","T->C","SP_RS12700","pseudogene (84/93 nt)","UDP-galactopyranose mutase","UDP-galactopyranose mutase pseudogene"
"1,082,362","A->G","addA/SP_1153","intergenic (+83/-132)","helicase-exonuclease AddAB subunit AddA/hypothetical protein","helicase-exonuclease AddAB subunit AddA/hypothetical protein intergenic"
"1,082,424","T->C","addA/SP_1153","intergenic (+145/-70)","helicase-exonuclease AddAB subunit AddA/hypothetical protein","helicase-exonuclease AddAB subunit AddA/hypothetical protein intergenic"
"1,161,557","G->A","mutY/SP_1229","intergenic (-167/+161)","A/G-specific adenine glycosylase/formate--tetrahydrofolate ligase","A/G-specific adenine glycosylase/formate--tetrahydrofolate ligase intergenic"
"1,161,575","T->A","mutY/SP_1229","intergenic (-185/+143)","A/G-specific adenine glycosylase/formate--tetrahydrofolate ligase","A/G-specific adenine glycosylase/formate--tetrahydrofolate ligase intergenic"
"1,509,702","A->G","SP_RS12865","pseudogene (45/81 nt)","UDP-galactopyranose mutase","UDP-galactopyranose mutase pseudogene"
"1,621,984","G->A","SP_RS12875","pseudogene (54/81 nt)","UDP-galactopyranose mutase","UDP-galactopyranose mutase pseudogene"
"1,621,990","C->T","SP_RS12875","pseudogene (60/81 nt)","UDP-galactopyranose mutase","UDP-galactopyranose mutase pseudogene"
"2,029,548","A->G","SP_RS12930","pseudogene (60/81 nt)","UDP-galactopyranose mutase","UDP-galactopyranose mutase pseudogene"
"1,687,200","24 bp","SP_1772","coding (5488-5511/14484 nt)","accessory Sec-dependent serine-rich glycoprotein adhesin","accessory Sec-dependent serine-rich glycoprotein adhesin coding"
"124,957","C->T","SP_RS13090","pseudogene (41/93 nt)","UDP-galactopyranose mutase","UDP-galactopyranose mutase pseudogene"
"1,082,336","1 bp","addA/SP_1153","intergenic (+57/-158)","helicase-exonuclease AddAB subunit AddA/hypothetical protein","helicase-exonuclease AddAB subunit AddA/hypothetical protein intergenic"
"1,082,418","A->G","addA/SP_1153","intergenic (+139/-76)","helicase-exonuclease AddAB subunit AddA/hypothetical protein","helicase-exonuclease AddAB subunit AddA/hypothetical protein intergenic"
"1,683,750","(48 bp)1->2","SP_1772","coding (8961/14484 nt)","accessory Sec-dependent serine-rich glycoprotein adhesin","accessory Sec-dependent serine-rich glycoprotein adhesin coding"
"1,731,346","T->A","SP_RS12900","pseudogene (20/81 nt)","UDP-galactopyranose mutase","UDP-galactopyranose mutase pseudogene"
"124,975","T->C","SP_RS13090","pseudogene (23/93 nt)","UDP-galactopyranose mutase","UDP-galactopyranose mutase pseudogene"
"1,082,477","A->G","addA/SP_1153","intergenic (+198/-17)","helicase-exonuclease AddAB subunit AddA/hypothetical protein","helicase-exonuclease AddAB subunit AddA/hypothetical protein intergenic"
"743,952","G->A","SP_RS12735/SP_RS13140","intergenic (+46/-123)","UDP-galactopyranose mutase/lysyl-tRNA synthetase","UDP-galactopyranose mutase/lysyl-tRNA synthetase intergenic"
"1,684,466","(TGCTGAGGCCGACGCACTCGTTGA)1->2","SP_1772","coding (8245/14484 nt)","accessory Sec-dependent serine-rich glycoprotein adhesin","accessory Sec-dependent serine-rich glycoprotein adhesin coding"
"528,270","C->A","SP_RS12670","pseudogene (3/75 nt)","UDP-galactopyranose mutase","UDP-galactopyranose mutase pseudogene"
"743,972","C->G","SP_RS12735/SP_RS13140","intergenic (+66/-103)","UDP-galactopyranose mutase/lysyl-tRNA synthetase","UDP-galactopyranose mutase/lysyl-tRNA synthetase intergenic"
"1,509,720","A->G","SP_RS12865","pseudogene (27/81 nt)","UDP-galactopyranose mutase","UDP-galactopyranose mutase pseudogene"
"615,109","G->A","SP_RS12710","pseudogene (40/78 nt)","UDP-galactopyranose mutase","UDP-galactopyranose mutase pseudogene"
"615,097","A->C","SP_RS12710","pseudogene (28/78 nt)","UDP-galactopyranose mutase","UDP-galactopyranose mutase pseudogene"
"615,126","T->G","SP_RS12710","pseudogene (57/78 nt)","UDP-galactopyranose mutase","UDP-galactopyranose mutase pseudogene"
"1,082,290","T->A","addA/SP_1153","intergenic (+11/-204)","helicase-exonuclease AddAB subunit AddA/hypothetical protein","helicase-exonuclease AddAB subunit AddA/hypothetical protein intergenic"
"1,082,467","T->G","addA/SP_1153","intergenic (+188/-27)","helicase-exonuclease AddAB subunit AddA/hypothetical protein","helicase-exonuclease AddAB subunit AddA/hypothetical protein intergenic"
"1,161,539","G->A","mutY/SP_1229","intergenic (-149/+179)","A/G-specific adenine glycosylase/formate--tetrahydrofolate ligase","A/G-specific adenine glycosylase/formate--tetrahydrofolate ligase intergenic"
"528,258","C->T","SP_RS12670","pseudogene (15/75 nt)","UDP-galactopyranose mutase","UDP-galactopyranose mutase pseudogene"
"1,161,592","G->A","mutY/SP_1229","intergenic (-202/+126)","A/G-specific adenine glycosylase/formate--tetrahydrofolate ligase","A/G-specific adenine glycosylase/formate--tetrahydrofolate ligase intergenic"
"1,161,618","T->G","mutY/SP_1229","intergenic (-228/+100)","A/G-specific adenine glycosylase/formate--tetrahydrofolate ligase","A/G-specific adenine glycosylase/formate--tetrahydrofolate ligase intergenic"
"1,801,322","A->G","SP_RS12915","pseudogene (75/81 nt)","UDP-galactopyranose mutase","UDP-galactopyranose mutase pseudogene"
"1,801,357","C->A","SP_RS12915","pseudogene (40/81 nt)","UDP-galactopyranose mutase","UDP-galactopyranose mutase pseudogene"
"2,026,473","G->A","SP_RS13190","pseudogene (21/81 nt)","UDP-galactopyranose mutase","UDP-galactopyranose mutase pseudogene"
"1,695,709","C->T","SP_RS12890","pseudogene (48/90 nt)","UDP-galactopyranose mutase","UDP-galactopyranose mutase pseudogene"
"2,029,569","G->A","SP_RS12930","pseudogene (39/81 nt)","UDP-galactopyranose mutase","UDP-galactopyranose mutase pseudogene"
"124,943","C->T","SP_RS13090","pseudogene (55/93 nt)","UDP-galactopyranose mutase","UDP-galactopyranose mutase pseudogene"
"2,036,631","T->C","SP_RS12940","pseudogene (52/75 nt)","UDP-galactopyranose mutase","UDP-galactopyranose mutase pseudogene"
"2,036,637","G->A","SP_RS12940","pseudogene (58/75 nt)","UDP-galactopyranose mutase","UDP-galactopyranose mutase pseudogene"
"1,695,677","A->G","SP_RS12890","pseudogene (16/90 nt)","UDP-galactopyranose mutase","UDP-galactopyranose mutase pseudogene"
"257,414","A->G","SP_RS12625","pseudogene (73/75 nt)","UDP-galactopyranose mutase","UDP-galactopyranose mutase pseudogene"
"2,029,607","A->G","SP_RS12930","pseudogene (1/81 nt)","UDP-galactopyranose mutase","UDP-galactopyranose mutase pseudogene"
"1,509,669","T->C","SP_RS12865","pseudogene (78/81 nt)","UDP-galactopyranose mutase","UDP-galactopyranose mutase pseudogene"
"1,680,164","+96 bp","SP_1772","coding (12547/14484 nt)","accessory Sec-dependent serine-rich glycoprotein adhesin","accessory Sec-dependent serine-rich glycoprotein adhesin coding"
"124,946","C->T","SP_RS13090","pseudogene (52/93 nt)","UDP-galactopyranose mutase","UDP-galactopyranose mutase pseudogene"
"1,509,717","C->T","SP_RS12865","pseudogene (30/81 nt)","UDP-galactopyranose mutase","UDP-galactopyranose mutase pseudogene"
"124,965","C->T","SP_RS13090","pseudogene (33/93 nt)","UDP-galactopyranose mutase","UDP-galactopyranose mutase pseudogene"
"1,082,289","T->A","addA/SP_1153","intergenic (+10/-205)","helicase-exonuclease AddAB subunit AddA/hypothetical protein","helicase-exonuclease AddAB subunit AddA/hypothetical protein intergenic"
"1,082,292","G->A","addA/SP_1153","intergenic (+13/-202)","helicase-exonuclease AddAB subunit AddA/hypothetical protein","helicase-exonuclease AddAB subunit AddA/hypothetical protein intergenic"
"1,656,302","G->T","SP_RS12885","pseudogene (22/81 nt)","UDP-galactopyranose mutase","UDP-galactopyranose mutase pseudogene"
"603,610","A->G","SP_RS12700","pseudogene (72/93 nt)","UDP-galactopyranose mutase","UDP-galactopyranose mutase pseudogene"
"1,161,551","T->C","mutY/SP_1229","intergenic (-161/+167)","A/G-specific adenine glycosylase/formate--tetrahydrofolate ligase","A/G-specific adenine glycosylase/formate--tetrahydrofolate ligase intergenic"
"1,161,577","1 bp","mutY/SP_1229","intergenic (-187/+141)","A/G-specific adenine glycosylase/formate--tetrahydrofolate ligase","A/G-specific adenine glycosylase/formate--tetrahydrofolate ligase intergenic"
"1,161,578","T->C","mutY/SP_1229","intergenic (-188/+140)","A/G-specific adenine glycosylase/formate--tetrahydrofolate ligase","A/G-specific adenine glycosylase/formate--tetrahydrofolate ligase intergenic"
"1,082,378","G->A","addA/SP_1153","intergenic (+99/-116)","helicase-exonuclease AddAB subunit AddA/hypothetical protein","helicase-exonuclease AddAB subunit AddA/hypothetical protein intergenic"
"743,973","T->C","SP_RS12735/SP_RS13140","intergenic (+67/-102)","UDP-galactopyranose mutase/lysyl-tRNA synthetase","UDP-galactopyranose mutase/lysyl-tRNA synthetase intergenic"
"1,656,284","C->T","SP_RS12885","pseudogene (40/81 nt)","UDP-galactopyranose mutase","UDP-galactopyranose mutase pseudogene"
"1,656,303","C->T","SP_RS12885","pseudogene (21/81 nt)","UDP-galactopyranose mutase","UDP-galactopyranose mutase pseudogene"
"2,029,576","T->C","SP_RS12930","pseudogene (32/81 nt)","UDP-galactopyranose mutase","UDP-galactopyranose mutase pseudogene"
"1,082,333","T->G","addA/SP_1153","intergenic (+54/-161)","helicase-exonuclease AddAB subunit AddA/hypothetical protein","helicase-exonuclease AddAB subunit AddA/hypothetical protein intergenic"
"744,032","A->G","SP_RS12735/SP_RS13140","intergenic (+126/-43)","UDP-galactopyranose mutase/lysyl-tRNA synthetase","UDP-galactopyranose mutase/lysyl-tRNA synthetase intergenic"
"1,282,097","A->G","SP_RS12835","pseudogene (54/75 nt)","UDP-galactopyranose mutase","UDP-galactopyranose mutase pseudogene"
"1,282,103","T->C","SP_RS12835","pseudogene (48/75 nt)","UDP-galactopyranose mutase","UDP-galactopyranose mutase pseudogene"
"1,683,360","1 bp","SP_1772","coding (9351/14484 nt)","accessory Sec-dependent serine-rich glycoprotein adhesin","accessory Sec-dependent serine-rich glycoprotein adhesin coding"
"1,683,361","1 bp","SP_1772","coding (9350/14484 nt)","accessory Sec-dependent serine-rich glycoprotein adhesin","accessory Sec-dependent serine-rich glycoprotein adhesin coding"
"743,868","G->A","SP_RS12735","pseudogene (43/81 nt)","UDP-galactopyranose mutase","UDP-galactopyranose mutase pseudogene"
"2,036,613","G->A","SP_RS12940","pseudogene (34/75 nt)","UDP-galactopyranose mutase","UDP-galactopyranose mutase pseudogene"
"2,036,630","C->G","SP_RS12940","pseudogene (51/75 nt)","UDP-galactopyranose mutase","UDP-galactopyranose mutase pseudogene"
"1,656,283","G->A","SP_RS12885","pseudogene (41/81 nt)","UDP-galactopyranose mutase","UDP-galactopyranose mutase pseudogene"
"1,683,944","+48 bp","SP_1772","coding (8767/14484 nt)","accessory Sec-dependent serine-rich glycoprotein adhesin","accessory Sec-dependent serine-rich glycoprotein adhesin coding"
"2,032,399","A->G","SP_RS12935","pseudogene (49/81 nt)","UDP-galactopyranose mutase","UDP-galactopyranose mutase pseudogene"
"1,684,226","+24 bp","SP_1772","coding (8485/14484 nt)","accessory Sec-dependent serine-rich glycoprotein adhesin","accessory Sec-dependent serine-rich glycoprotein adhesin coding"
"1,687,005","+A","SP_1772","coding (5706/14484 nt)","accessory Sec-dependent serine-rich glycoprotein adhesin","accessory Sec-dependent serine-rich glycoprotein adhesin coding"
"1,687,005:2","+A","SP_1772","coding (5706/14484 nt)","accessory Sec-dependent serine-rich glycoprotein adhesin","accessory Sec-dependent serine-rich glycoprotein adhesin coding"
